timestamp,angle
0.007,0.66
0.023,0.56
0.027,0.49
0.039,0.57
0.047,0.47
0.057,0.48
0.070,0.57
0.077,0.64
0.087,0.64
0.097,0.58
0.107,0.57
0.120,0.56
0.127,0.57
0.137,0.51
0.147,0.53
0.157,0.57
0.170,0.63
0.178,0.52
0.188,0.53
0.198,0.62
0.208,0.54
0.220,0.59
0.228,0.59
0.238,0.57
0.248,0.57
0.258,0.60
0.270,0.61
0.278,0.54
0.288,0.53
0.298,0.49
0.308,0.56
0.321,0.50
0.328,0.53
0.338,0.52
0.349,0.52
0.359,0.62
0.371,0.56
0.379,0.55
0.389,0.65
0.399,0.59
0.409,0.60
0.420,0.59
0.429,0.56
0.439,0.55
0.449,0.53
0.459,0.61
0.472,0.62
0.479,0.54
0.489,0.55
0.499,0.58
0.510,0.60
0.521,0.56
0.530,0.47
0.540,0.51
0.550,0.58
0.559,0.58
0.570,0.53
0.580,0.62
0.590,0.59
0.600,0.58
0.610,0.52
0.621,0.60
0.630,0.60
0.640,0.54
0.655,0.55
0.660,0.55
0.670,0.58
0.680,0.53
0.691,0.55
0.705,0.62
0.711,0.63
0.721,0.52
0.731,0.56
0.741,0.58
0.752,0.58
0.761,0.59
0.771,0.61
0.781,0.56
0.791,0.60
0.805,0.52
0.811,0.57
0.822,0.56
0.831,0.57
0.841,0.54
0.855,0.53
0.861,0.58
0.872,0.57
0.881,0.63
0.892,0.61
0.905,0.56
0.912,0.57
0.922,0.54
0.932,0.56
0.942,0.62
0.956,0.66
0.962,0.56
0.972,0.63
0.982,0.61
0.992,0.58
1.005,0.61
1.014,0.62
1.022,0.59
1.032,0.60
1.042,0.60
1.055,0.58
1.063,0.54
1.073,0.56
1.082,0.62
1.093,0.62
1.105,0.57
1.113,0.63
1.123,0.60
1.133,0.63
1.143,0.58
1.155,0.55
1.163,0.55
1.173,0.53
1.183,0.56
1.193,0.63
1.206,0.57
1.213,0.58
1.223,0.58
1.233,0.53
1.243,0.51
1.255,0.54
1.264,0.54
1.274,0.57
1.284,0.60
1.294,0.57
1.305,0.52
1.314,0.51
1.324,0.55
1.334,0.54
1.344,0.62
1.356,0.60
1.364,0.60
1.374,0.60
1.389,0.47
1.394,0.56
1.406,0.55
1.414,0.59
1.425,0.59
1.439,0.56
1.445,0.58
1.456,0.59
1.465,0.56
1.475,0.66
1.490,0.59
1.495,0.57
1.505,0.55
1.515,0.59
1.525,0.62
1.539,0.59
1.545,0.60
1.555,0.61
1.565,0.57
1.576,0.54
1.589,0.57
1.595,0.54
1.606,0.58
1.615,0.58
1.626,0.56
1.639,0.55
1.646,0.60
1.656,0.54
1.666,0.52
1.676,0.51
1.689,0.63
1.696,0.59
1.706,0.57
1.716,0.57
1.726,0.60
1.739,0.62
1.746,0.56
1.756,0.54
1.767,0.48
1.776,0.51
1.787,0.55
1.796,0.61
1.806,0.54
1.816,0.61
1.827,0.59
1.840,0.60
1.847,0.64
1.857,0.56
1.867,0.60
1.877,0.57
1.888,0.55
1.898,0.54
1.907,0.62
1.917,0.52
1.927,0.60
1.940,0.60
1.947,0.57
1.958,0.61
1.968,0.56
1.978,0.55
1.990,0.55
1.998,0.55
2.008,0.54
2.018,0.56
2.028,0.60
2.040,0.60
2.048,0.61
2.058,0.59
2.068,0.60
2.078,0.55
2.090,0.53
2.098,0.55
2.108,0.56
2.123,0.62
2.129,0.59
2.140,0.56
2.149,0.56
2.159,0.55
2.173,0.57
2.179,0.54
2.190,0.51
2.199,0.56
2.209,0.55
2.223,0.61
2.229,0.65
2.240,0.59
2.249,0.60
2.259,0.58
2.273,0.54
2.279,0.55
2.290,0.59
2.299,0.55
2.310,0.52
2.322,0.58
2.330,0.61
2.340,0.56
2.350,0.52
2.360,0.60
2.374,0.52
2.380,0.55
2.391,0.55
2.400,0.56
2.410,0.55
2.423,0.61
2.430,0.51
2.440,0.61
2.450,0.58
2.460,0.59
2.474,0.60
2.481,0.62
2.491,0.52
2.501,0.53
2.512,0.61
2.523,0.53
2.531,0.59
2.541,0.53
2.551,0.56
2.561,0.58
2.574,0.57
2.581,0.51
2.591,0.56
2.601,0.59
2.611,0.56
2.623,0.61
2.631,0.59
2.642,0.53
2.651,0.54
2.662,0.55
2.674,0.57
2.682,0.56
2.692,0.61
2.702,0.62
2.712,0.61
2.724,0.45
2.732,0.53
2.742,0.61
2.752,0.55
2.762,0.54
2.774,0.58
2.782,0.54
2.792,0.53
2.802,0.57
2.812,0.57
2.822,0.53
2.832,0.58
2.842,0.57
2.857,0.52
2.863,0.58
2.875,0.54
2.883,0.57
2.893,0.49
2.908,0.50
2.913,0.60
2.925,0.54
2.933,0.56
2.943,0.61
2.957,0.51
2.963,0.55
2.975,0.56
2.983,0.59
2.993,0.55
3.008,0.61
3.014,0.56
3.024,0.61
3.034,0.52
3.044,0.56
3.057,0.59
3.064,0.54
3.075,0.52
3.084,0.57
3.094,0.64
3.108,0.57
3.114,0.56
3.124,0.61
3.134,0.62
3.144,0.62
3.158,0.54
3.164,0.58
3.175,0.58
3.184,0.60
3.195,0.54
3.208,0.56
3.215,0.62
3.225,0.58
3.235,0.55
3.245,0.52
3.258,0.56
3.265,0.60
3.275,0.54
3.285,0.55
3.295,0.59
3.308,0.58
3.315,0.53
3.325,0.60
3.335,0.53
3.345,0.60
3.359,0.56
3.365,0.59
3.376,0.63
3.385,0.58
3.396,0.52
3.408,0.58
3.416,0.61
3.426,0.57
3.436,0.52
3.446,0.61
3.459,0.64
3.466,0.62
3.476,0.60
3.486,0.55
3.496,0.52
3.509,0.57
3.516,0.58
3.526,0.57
3.542,0.55
3.547,0.56
3.557,0.58
3.566,0.51
3.577,0.49
3.592,0.62
3.597,0.58
3.610,0.52
3.617,0.52
3.627,0.56
3.642,0.58
3.647,0.61
3.659,0.54
3.667,0.53
3.677,0.56
3.693,0.55
3.697,0.59
3.708,0.62
3.717,0.64
3.728,0.63
3.742,0.59
3.748,0.49
3.759,0.55
3.768,0.55
3.778,0.57
3.791,0.60
3.798,0.60
3.808,0.62
3.818,0.55
3.828,0.63
3.840,0.55
3.848,0.56
3.858,0.57
3.868,0.47
3.878,0.57
3.892,0.61
3.898,0.56
3.908,0.54
3.919,0.55
3.928,0.56
3.942,0.58
3.949,0.64
3.959,0.57
3.969,0.60
3.979,0.54
3.993,0.56
3.999,0.60
4.009,0.55
4.019,0.60
4.029,0.52
4.042,0.54
4.049,0.62
4.059,0.60
4.069,0.53
4.079,0.54
4.092,0.49
4.100,0.59
4.110,0.58
4.120,0.57
4.130,0.58
4.142,0.56
4.150,0.63
4.160,0.57
4.170,0.52
4.180,0.53
4.192,0.57
4.200,0.60
4.210,0.58
4.220,0.51
4.230,0.55
4.242,0.55
4.250,0.52
4.261,0.56
4.270,0.59
4.281,0.56
4.292,0.58
4.301,0.63
4.311,0.52
4.326,0.63
4.331,0.60
4.343,0.57
4.351,0.52
4.361,0.54
4.376,0.58
4.381,0.55
4.393,0.63
4.401,0.59
4.411,0.53
4.426,0.59
4.432,0.54
4.443,0.54
4.452,0.58
4.462,0.56
4.476,0.51
4.482,0.54
4.493,0.58
4.502,0.54
4.512,0.54
4.526,0.51
4.533,0.56
4.542,0.56
4.552,0.55
4.562,0.54
4.576,0.55
4.582,0.57
4.593,0.49
4.602,0.49
4.612,0.53
4.626,0.49
4.633,0.59
4.643,0.59
4.653,0.54
4.663,0.60
4.677,0.54
4.683,0.52
4.693,0.61
4.703,0.58
4.713,0.53
4.726,0.60
4.733,0.56
4.743,0.62
4.753,0.55
4.763,0.60
4.777,0.56
4.783,0.54
4.794,0.54
4.803,0.60
4.814,0.56
4.826,0.54
4.834,0.58
4.843,0.53
4.853,0.61
4.863,0.57
4.874,0.54
4.884,0.64
4.894,0.63
4.904,0.61
4.914,0.63
4.926,0.62
4.934,0.61
4.944,0.60
4.954,0.55
4.964,0.57
4.976,0.57
4.984,0.56
4.995,0.50
5.010,0.53
5.015,0.57
5.027,0.59
5.035,0.55
5.045,0.62
5.060,0.58
5.065,0.58
5.076,0.60
5.085,0.55
5.095,0.56
5.110,0.55
5.115,0.53
5.127,0.56
5.135,0.56
5.145,0.61
5.160,0.52
5.165,0.59
5.177,0.52
5.186,0.52
5.196,0.59
5.210,0.53
5.216,0.56
5.227,0.61
5.236,0.59
5.246,0.63
5.260,0.53
5.266,0.61
5.277,0.55
5.286,0.60
5.296,0.62
5.310,0.57
5.316,0.50
5.327,0.52
5.336,0.54
5.347,0.56
5.360,0.58
5.367,0.51
5.377,0.53
5.387,0.61
5.397,0.56
5.410,0.59
5.417,0.56
5.427,0.61
5.437,0.58
5.447,0.58
5.460,0.55
5.467,0.54
5.477,0.57
5.487,0.57
5.498,0.55
5.510,0.56
5.518,0.56
5.528,0.51
5.538,0.58
5.548,0.60
5.558,0.58
5.568,0.64
5.578,0.64
5.588,0.55
5.598,0.56
5.611,0.61
5.618,0.57
5.628,0.54
5.638,0.58
5.648,0.54
5.661,0.54
5.668,0.56
5.678,0.62
5.688,0.58
5.698,0.63
5.710,0.59
5.719,0.59
5.729,0.56
5.739,0.56
5.749,0.58
5.760,0.57
5.769,0.56
5.779,0.46
5.794,0.52
5.799,0.52
5.810,0.56
5.819,0.55
5.829,0.55
5.842,0.60
5.849,0.59
5.859,0.61
5.869,0.61
5.879,0.57
5.891,0.57
5.899,0.57
5.910,0.56
5.920,0.50
5.930,0.57
5.944,0.62
5.950,0.51
5.960,0.50
5.970,0.53
5.980,0.62
5.994,0.59
6.000,0.55
6.010,0.54
6.020,0.64
6.030,0.57
6.044,0.57
6.050,0.57
6.061,0.59
6.071,0.57
6.081,0.59
6.094,0.56
6.101,0.58
6.111,0.59
6.121,0.58
6.131,0.62
6.144,0.61
6.151,0.60
6.161,0.58
6.171,0.58
6.181,0.62
6.194,0.63
6.201,0.59
6.211,0.52
6.221,0.56
6.232,0.54
6.245,0.59
6.252,0.67
6.262,0.56
6.272,0.61
6.282,0.54
6.295,0.50
6.302,0.65
6.312,0.59
6.322,0.62
6.332,0.62
6.344,0.61
6.352,0.57
6.362,0.56
6.372,0.59
6.382,0.57
6.394,0.53
6.402,0.58
6.413,0.52
6.423,0.61
6.433,0.61
6.444,0.58
6.453,0.58
6.463,0.55
6.473,0.56
6.483,0.61
6.494,0.54
6.503,0.60
6.513,0.61
6.528,0.58
6.533,0.59
6.545,0.61
6.553,0.57
6.563,0.55
6.577,0.65
6.584,0.61
6.595,0.58
6.604,0.66
6.614,0.56
6.628,0.55
6.634,0.54
6.645,0.55
6.654,0.52
6.664,0.55
6.678,0.56
6.684,0.59
6.694,0.59
6.704,0.53
6.714,0.57
6.728,0.56
6.734,0.55
6.745,0.60
6.754,0.55
6.765,0.55
6.778,0.52
6.785,0.51
6.795,0.60
6.805,0.58
6.815,0.55
6.829,0.58
6.835,0.62
6.845,0.55
6.855,0.59
6.865,0.59
6.877,0.63
6.885,0.59
6.895,0.64
6.905,0.60
6.915,0.60
6.926,0.55
6.935,0.51
6.946,0.61
6.955,0.55
6.966,0.59
6.976,0.59
6.986,0.52
6.996,0.54
7.006,0.51
7.016,0.54
7.029,0.58
7.036,0.56
7.046,0.67
7.056,0.62
7.066,0.52
7.079,0.55
7.086,0.56
7.096,0.56
7.106,0.58
7.117,0.59
7.128,0.62
7.137,0.65
7.147,0.59
7.157,0.52
7.167,0.51
7.178,0.54
7.187,0.52
7.197,0.61
7.212,0.55
7.217,0.54
7.229,0.63
7.237,0.60
7.247,0.56
7.262,0.54
7.268,0.59
7.279,0.53
7.287,0.51
7.297,0.56
7.312,0.57
7.318,0.59
7.329,0.57
7.338,0.60
7.348,0.53
7.362,0.56
7.368,0.53
7.379,0.58
7.388,0.53
7.398,0.58
7.412,0.56
7.418,0.58
7.429,0.59
7.438,0.64
7.448,0.58
7.462,0.63
7.468,0.57
7.479,0.53
7.488,0.52
7.499,0.54
7.512,0.61
7.519,0.56
7.529,0.61
7.539,0.58
7.549,0.58
7.560,0.61
7.569,0.56
7.579,0.54
7.589,0.60
7.599,0.57
7.611,0.61
7.619,0.64
7.629,0.55
7.639,0.53
7.650,0.58
7.663,0.62
7.670,0.54
7.680,0.58
7.690,0.58
7.700,0.61
7.712,0.50
7.720,0.59
7.730,0.61
7.740,0.54
7.750,0.62
7.763,0.55
7.770,0.56
7.780,0.58
7.790,0.58
7.800,0.50
7.813,0.51
7.820,0.56
7.830,0.57
7.841,0.54
7.851,0.61
7.863,0.51
7.871,0.60
7.881,0.52
7.891,0.58
7.901,0.60
7.911,0.62
7.921,0.56
7.931,0.56
7.941,0.53
7.951,0.55
7.963,0.59
7.971,0.55
7.981,0.54
7.996,0.58
8.001,0.60
8.012,0.63
8.021,0.57
8.032,0.54
8.047,0.50
8.052,0.57
8.063,0.61
8.072,0.53
8.082,0.56
8.097,0.59
8.102,0.56
8.113,0.56
8.122,0.54
8.132,0.62
8.146,0.55
8.152,0.56
8.163,0.62
8.172,0.54
8.182,0.62
8.197,0.55
8.203,0.60
8.213,0.62
8.223,0.55
8.233,0.56
8.246,0.61
8.253,0.56
8.263,0.52
8.273,0.57
8.283,0.55
8.296,0.62
8.303,0.56
8.313,0.60
8.323,0.61
8.333,0.53
8.347,0.56
8.353,0.60
8.364,0.57
8.374,0.50
8.384,0.51
8.396,0.63
8.404,0.56
8.414,0.65
8.424,0.61
8.434,0.56
8.447,0.57
8.454,0.64
8.464,0.60
8.474,0.62
8.484,0.54
8.497,0.57
8.504,0.50
8.514,0.54
8.524,0.57
8.534,0.56
8.547,0.54
8.555,0.57
8.564,0.60
8.575,0.57
8.585,0.55
8.597,0.53
8.605,0.59
8.615,0.55
8.625,0.55
8.635,0.62
8.647,0.56
8.655,0.55
8.665,0.58
8.680,0.59
8.685,0.58
8.697,0.58
8.705,0.51
8.716,0.58
8.731,0.53
8.736,0.62
8.747,0.57
8.756,0.55
8.766,0.55
8.780,0.60
8.786,0.56
8.797,0.55
8.806,0.59
8.816,0.54
8.831,0.59
8.836,0.59
8.848,0.57
8.856,0.63
8.866,0.51
8.881,0.58
8.886,0.64
8.897,0.57
8.907,0.53
8.916,0.64
8.928,0.55
8.937,0.60
8.946,0.56
8.957,0.56
8.967,0.59
8.981,0.59
8.987,0.53
8.998,0.61
9.007,0.58
9.017,0.56
9.030,0.58
9.037,0.57
9.047,0.48
9.057,0.54
9.068,0.57
9.081,0.63
9.088,0.56
9.098,0.58
9.108,0.53
9.118,0.59
9.131,0.59
9.138,0.49
9.148,0.61
9.158,0.50
9.168,0.57
9.181,0.56
9.188,0.57
9.198,0.51
9.208,0.62
9.218,0.56
9.231,0.54
9.238,0.52
9.248,0.60
9.258,0.61
9.269,0.53
9.281,0.55
9.289,0.59
9.299,0.63
9.309,0.58
9.319,0.60
9.331,0.51
9.339,0.54
9.349,0.55
9.359,0.49
9.369,0.57
9.381,0.56
9.389,0.57
9.399,0.56
9.414,0.63
9.420,0.51
9.431,0.57
9.440,0.51
9.450,0.57
9.465,0.58
9.470,0.60
9.481,0.58
9.490,0.55
9.500,0.54
9.514,0.56
9.520,0.54
9.532,0.58
9.540,0.60
9.550,0.59
9.562,0.53
9.570,0.59
9.581,0.60
9.590,0.52
9.601,0.56
9.615,0.60
9.621,0.50
9.632,0.56
9.641,0.58
9.651,0.55
9.665,0.60
9.671,0.55
9.682,0.55
9.691,0.52
9.701,0.61
9.714,0.60
9.721,0.57
9.731,0.57
9.741,0.55
9.751,0.52
9.764,0.59
9.771,0.66
9.782,0.60
9.791,0.56
9.802,0.60
9.815,0.60
9.822,0.49
9.832,0.56
9.842,0.60
9.852,0.61
9.865,0.60
9.872,0.60
9.882,0.53
9.892,0.50
9.902,0.55
9.915,0.59
9.922,0.58
9.932,0.56
9.942,0.50
9.952,0.56
9.962,0.57
9.972,0.60
9.982,0.56
9.993,0.59
10.003,0.59
10.015,0.61
10.023,0.58
10.033,0.56
10.043,0.59
10.053,0.51
10.065,0.57
10.073,0.51
10.083,0.52
10.093,0.57
10.103,0.58
10.115,0.58
10.123,0.46
10.134,0.52
10.148,0.66
10.154,0.61
10.165,0.61
10.174,0.59
10.184,0.50
10.199,0.60
10.204,0.56
10.215,0.52
10.224,0.67
10.234,0.59
10.249,0.57
10.254,0.61
10.265,0.57
10.274,0.54
10.284,0.59
10.299,0.56
10.304,0.54
10.316,0.56
10.325,0.60
10.335,0.63
10.348,0.62
10.355,0.54
10.366,0.57
10.375,0.58
10.385,0.50
10.399,0.59
10.405,0.56
10.416,0.56
10.425,0.57
10.435,0.57
10.449,0.54
10.455,0.57
10.466,0.59
10.475,0.57
10.485,0.55
10.499,0.59
10.506,0.55
10.516,0.56
10.526,0.58
10.536,0.59
10.549,0.62
10.556,0.58
10.566,0.58
10.576,0.55
10.586,0.52
10.599,0.55
10.606,0.53
10.616,0.59
10.626,0.62
10.636,0.58
10.649,0.59
10.656,0.58
10.667,0.63
10.676,0.60
10.687,0.57
10.699,0.57
10.707,0.56
10.717,0.58
10.727,0.55
10.737,0.51
10.749,0.55
10.757,0.54
10.767,0.54
10.777,0.50
10.787,0.54
10.799,0.60
10.807,0.59
10.817,0.60
10.827,0.64
10.838,0.58
10.849,0.59
10.857,0.61
10.868,0.58
10.882,0.54
10.888,0.54
10.899,0.59
10.908,0.57
10.918,0.53
10.933,0.54
10.938,0.64
10.950,0.59
10.958,0.55
10.968,0.58
10.980,0.61
10.988,0.56
10.998,0.61
11.008,0.59
11.019,0.59
11.032,0.59
11.038,0.57
11.049,0.52
11.058,0.58
11.068,0.58
11.082,0.54
11.089,0.57
11.099,0.61
11.109,0.57
11.119,0.53
11.133,0.58
11.139,0.55
11.150,0.55
11.159,0.55
11.169,0.55
11.182,0.61
11.189,0.57
11.200,0.51
11.209,0.54
11.220,0.52
11.233,0.51
11.240,0.54
11.250,0.60
11.260,0.57
11.270,0.57
11.283,0.61
11.290,0.60
11.300,0.63
11.310,0.51
11.320,0.51
11.333,0.62
11.340,0.57
11.350,0.55
11.360,0.61
11.370,0.57
11.383,0.57
11.391,0.54
11.401,0.52
11.411,0.57
11.421,0.54
11.434,0.50
11.441,0.52
11.451,0.53
11.461,0.53
11.471,0.55
11.483,0.58
11.491,0.59
11.501,0.55
11.511,0.56
11.521,0.59
11.533,0.49
11.541,0.57
11.551,0.53
11.561,0.58
11.572,0.53
11.582,0.57
11.592,0.58
11.602,0.57
11.616,0.55
11.622,0.57
11.634,0.57
11.642,0.56
11.652,0.58
11.667,0.57
11.672,0.59
11.683,0.53
11.692,0.52
11.702,0.56
11.717,0.54
11.722,0.63
11.734,0.56
11.743,0.54
11.753,0.57
11.767,0.57
11.773,0.58
11.783,0.59
11.793,0.65
11.803,0.61
11.816,0.57
11.823,0.54
11.833,0.51
11.843,0.55
11.853,0.55
11.867,0.56
11.873,0.60
11.883,0.58
11.893,0.59
11.904,0.53
11.917,0.50
11.924,0.58
11.934,0.57
11.944,0.55
11.954,0.59
11.967,0.53
11.974,0.58
11.984,0.50
11.994,0.50
12.004,0.57
12.014,0.51
12.024,0.61
12.034,0.57
12.044,0.62
12.054,0.59
12.067,0.59
12.074,0.58
12.085,0.57
12.094,0.56
12.105,0.61
12.117,0.58
12.125,0.59
12.135,0.54
12.145,0.53
12.155,0.64
12.167,0.59
12.175,0.56
12.185,0.51
12.195,0.63
12.205,0.60
12.217,0.55
12.225,0.57
12.235,0.57
12.245,0.56
12.255,0.55
12.267,0.52
12.276,0.56
12.287,0.59
12.300,0.55
12.306,0.62
12.318,0.57
12.326,0.61
12.336,0.54
12.351,0.50
12.356,0.55
12.367,0.62
12.376,0.62
12.386,0.61
12.401,0.59
12.406,0.66
12.418,0.59
12.426,0.61
12.437,0.57
12.451,0.58
12.457,0.58
12.467,0.57
12.477,0.58
12.487,0.57
12.501,0.59
12.507,0.58
12.517,0.61
12.527,0.58
12.537,0.61
12.550,0.56
12.557,0.58
12.567,0.55
12.577,0.56
12.587,0.55
12.601,0.58
12.607,0.61
12.618,0.57
12.627,0.56
12.638,0.54
12.651,0.59
12.658,0.57
12.668,0.57
12.678,0.60
12.688,0.60
12.701,0.56
12.708,0.52
12.718,0.57
12.728,0.54
12.738,0.50
12.751,0.58
12.758,0.54
12.768,0.56
12.778,0.59
12.789,0.53
12.802,0.55
12.809,0.61
12.819,0.58
12.829,0.57
12.839,0.66
12.852,0.62
12.859,0.55
12.869,0.60
12.879,0.58
12.889,0.61
12.901,0.59
12.909,0.50
12.919,0.53
12.929,0.55
12.939,0.58
12.951,0.56
12.959,0.57
12.969,0.51
12.980,0.57
12.990,0.52
13.002,0.59
13.009,0.59
13.020,0.57
13.030,0.54
13.040,0.52
13.051,0.59
13.060,0.56
13.070,0.51
13.085,0.50
13.090,0.58
13.100,0.55
13.110,0.57
13.120,0.60
13.134,0.60
13.140,0.59
13.151,0.57
13.160,0.62
13.171,0.62
13.185,0.57
13.191,0.57
13.201,0.62
13.211,0.60
13.221,0.61
13.235,0.54
13.241,0.51
13.252,0.60
13.261,0.59
13.271,0.58
13.285,0.64
13.291,0.57
13.302,0.62
13.311,0.56
13.321,0.57
13.335,0.55
13.341,0.57
13.352,0.53
13.362,0.62
13.372,0.53
13.385,0.60
13.392,0.61
13.402,0.58
13.412,0.50
13.422,0.54
13.435,0.59
13.442,0.57
13.453,0.59
13.462,0.52
13.472,0.51
13.485,0.59
13.492,0.59
13.503,0.61
13.512,0.56
13.523,0.59
13.535,0.59
13.543,0.56
13.553,0.57
13.562,0.55
13.573,0.63
13.585,0.60
13.593,0.55
13.603,0.53
13.613,0.53
13.623,0.64
13.636,0.57
13.643,0.63
13.653,0.55
13.663,0.55
13.673,0.57
13.686,0.60
13.694,0.58
13.704,0.53
13.714,0.57
13.724,0.54
13.736,0.55
13.744,0.57
13.754,0.60
13.764,0.57
13.774,0.53
13.786,0.50
13.794,0.55
13.804,0.56
13.819,0.55
13.824,0.59
13.835,0.57
13.844,0.54
13.854,0.58
13.868,0.56
13.874,0.55
13.885,0.51
13.895,0.59
13.905,0.60
13.919,0.60
13.925,0.51
13.936,0.58
13.945,0.54
13.955,0.60
13.970,0.53
13.975,0.58
13.986,0.55
13.995,0.57
14.005,0.59
14.018,0.55
14.025,0.56
14.035,0.54
14.045,0.60
14.055,0.60
14.069,0.60
14.076,0.63
14.086,0.59
14.096,0.55
14.106,0.56
14.118,0.55
14.126,0.59
14.136,0.56
14.146,0.53
14.156,0.51
14.169,0.57
14.176,0.56
14.186,0.50
14.196,0.61
14.206,0.59
14.219,0.56
14.226,0.55
14.237,0.55
14.247,0.58
14.257,0.54
14.270,0.55
14.277,0.63
14.287,0.59
14.297,0.57
14.307,0.55
14.319,0.59
14.327,0.61
14.337,0.59
14.347,0.58
14.357,0.54
14.370,0.50
14.377,0.58
14.387,0.54
14.397,0.60
14.407,0.60
14.419,0.55
14.428,0.60
14.438,0.54
14.448,0.61
14.458,0.60
14.469,0.60
14.478,0.53
14.488,0.60
14.498,0.59
14.508,0.57
14.520,0.54
14.528,0.52
14.538,0.57
14.552,0.55
14.558,0.61
14.569,0.54
14.578,0.61
14.588,0.56
14.603,0.61
14.609,0.59
14.620,0.52
14.629,0.61
14.639,0.59
14.653,0.58
14.659,0.58
14.670,0.57
14.679,0.57
14.689,0.56
14.703,0.53
14.709,0.56
14.720,0.55
14.729,0.61
14.739,0.59
14.753,0.56
14.759,0.55
14.770,0.55
14.780,0.50
14.790,0.61
14.804,0.60
14.810,0.62
14.820,0.55
14.830,0.59
14.840,0.56
14.853,0.53
14.860,0.57
14.870,0.55
14.880,0.55
14.890,0.56
14.903,0.55
14.910,0.54
14.920,0.62
14.930,0.56
14.940,0.49
14.953,0.55
14.961,0.53
14.971,0.54
14.981,0.57
14.991,0.53
15.004,0.57
15.011,0.48
15.021,0.58
15.031,0.51
15.041,0.59
15.051,0.58
15.061,0.55
15.071,0.54
15.081,0.56
15.091,0.62
15.104,0.57
15.111,0.57
15.122,0.53
15.131,0.59
15.142,0.59
15.153,0.60
15.162,0.51
15.172,0.60
15.182,0.57
15.192,0.54
15.204,0.58
15.212,0.58
15.222,0.56
15.232,0.57
15.242,0.51
15.254,0.55
15.262,0.56
15.272,0.55
15.287,0.56
15.292,0.63
15.304,0.53
15.312,0.55
15.323,0.61
15.338,0.56
15.343,0.52
15.355,0.56
15.363,0.59
15.373,0.57
15.387,0.56
15.393,0.59
15.404,0.60
15.413,0.54
15.423,0.54
15.437,0.54
15.443,0.52
15.454,0.58
15.463,0.57
15.473,0.58
15.487,0.58
15.494,0.56
15.504,0.55
15.514,0.50
15.524,0.52
15.537,0.62
15.544,0.55
15.554,0.51
15.564,0.55
15.574,0.54
15.588,0.56
15.594,0.57
15.605,0.61
15.614,0.61
15.624,0.51
15.638,0.52
15.644,0.59
15.655,0.64
15.664,0.61
15.674,0.65
15.687,0.54
15.695,0.57
15.705,0.56
15.715,0.55
15.725,0.54
15.738,0.60
15.745,0.58
15.755,0.58
15.765,0.61
15.775,0.60
15.788,0.53
15.795,0.54
15.805,0.52
15.815,0.59
15.826,0.61
15.838,0.67
15.845,0.61
15.856,0.51
15.866,0.56
15.876,0.57
15.888,0.60
15.896,0.63
15.906,0.58
15.916,0.56
15.926,0.66
15.938,0.62
15.946,0.58
15.956,0.63
15.966,0.54
15.976,0.54
15.987,0.58
15.996,0.54
16.007,0.60
16.022,0.57
16.027,0.54
16.038,0.56
16.047,0.62
16.056,0.56
16.069,0.59
16.077,0.50
16.087,0.51
16.097,0.59
16.107,0.58
16.121,0.57
16.127,0.59
16.138,0.56
16.147,0.51
16.157,0.61
16.171,0.61
16.177,0.53
16.188,0.55
16.197,0.54
16.208,0.60
16.222,0.61
16.228,0.54
16.239,0.59
16.248,0.58
16.258,0.56
16.272,0.56
16.278,0.51
16.289,0.58
16.298,0.58
16.308,0.60
16.321,0.62
16.328,0.56
16.338,0.52
16.348,0.54
16.359,0.54
16.372,0.63
16.378,0.51
16.389,0.58
16.399,0.57
16.409,0.63
16.422,0.58
16.429,0.56
16.439,0.61
16.449,0.59
16.459,0.54
16.471,0.56
16.479,0.55
16.489,0.56
16.499,0.60
16.509,0.58
16.522,0.55
16.529,0.57
16.539,0.60
16.550,0.54
16.560,0.60
16.571,0.55
16.580,0.53
16.590,0.56
16.600,0.58
16.610,0.54
16.622,0.59
16.630,0.57
16.640,0.53
16.650,0.55
16.660,0.54
16.672,0.52
16.680,0.57
16.690,0.58
16.700,0.65
16.710,0.58
16.723,0.62
16.731,0.55
16.741,0.56
16.756,0.60
16.761,0.56
16.772,0.58
16.781,0.57
16.791,0.57
16.805,0.54
16.811,0.56
16.823,0.53
16.831,0.57
16.841,0.62
16.856,0.51
16.861,0.55
16.873,0.63
16.881,0.58
16.891,0.54
16.906,0.54
16.911,0.61
16.923,0.59
16.932,0.56
16.942,0.56
16.956,0.54
16.962,0.53
16.973,0.51
16.982,0.55
16.992,0.63
17.005,0.59
17.012,0.47
17.022,0.52
17.032,0.59
17.042,0.57
17.054,0.60
17.063,0.55
17.073,0.59
17.082,0.59
17.092,0.61
17.103,0.52
17.113,0.61
17.123,0.58
17.133,0.59
17.143,0.59
17.154,0.59
17.163,0.53
17.173,0.50
17.183,0.62
17.193,0.56
17.206,0.56
17.213,0.57
17.223,0.56
17.233,0.58
17.243,0.64
17.256,0.52
17.263,0.59
17.273,0.56
17.283,0.57
17.294,0.54
17.307,0.63
17.314,0.57
17.324,0.58
17.334,0.61
17.344,0.60
17.356,0.56
17.364,0.61
17.374,0.58
17.384,0.55
17.394,0.59
17.406,0.49
17.414,0.57
17.424,0.55
17.434,0.53
17.445,0.54
17.456,0.56
17.464,0.61
17.475,0.58
17.489,0.54
17.495,0.52
17.507,0.51
17.515,0.62
17.525,0.61
17.540,0.56
17.545,0.58
17.555,0.60
17.565,0.55
17.575,0.53
17.590,0.59
17.595,0.56
17.607,0.56
17.616,0.58
17.626,0.56
17.640,0.49
17.646,0.57
17.657,0.58
17.666,0.58
17.676,0.60
17.690,0.55
17.696,0.56
17.707,0.52
17.716,0.56
17.726,0.62
17.740,0.62
17.746,0.55
17.756,0.60
17.766,0.55
17.776,0.58
17.790,0.57
17.796,0.59
17.807,0.56
17.816,0.52
17.827,0.48
17.840,0.52
17.847,0.56
17.857,0.60
17.867,0.56
17.877,0.60
17.890,0.60
17.897,0.58
17.907,0.62
17.917,0.69
17.927,0.55
17.940,0.58
17.947,0.54
17.957,0.55
17.967,0.58
17.977,0.53
17.990,0.48
17.998,0.58
18.008,0.54
18.018,0.55
18.028,0.54
18.041,0.61
18.048,0.58
18.058,0.57
18.068,0.58
18.078,0.60
18.089,0.56
18.098,0.57
18.108,0.60
18.118,0.59
18.128,0.60
18.138,0.56
18.148,0.47
18.158,0.56
18.168,0.55
18.179,0.57
18.191,0.52
18.199,0.55
18.208,0.61
18.218,0.56
18.229,0.60
18.239,0.53
18.249,0.49
18.259,0.62
18.274,0.56
18.279,0.57
18.290,0.62
18.299,0.60
18.309,0.58
18.324,0.57
18.329,0.57
18.340,0.56
18.349,0.59
18.360,0.59
18.374,0.48
18.380,0.61
18.391,0.64
18.400,0.54
18.410,0.57
18.424,0.53
18.430,0.59
18.441,0.53
18.450,0.59
18.460,0.60
18.474,0.52
18.480,0.55
18.491,0.57
18.500,0.56
18.510,0.60
18.524,0.59
18.530,0.58
18.541,0.58
18.551,0.65
18.560,0.56
18.574,0.57
18.581,0.59
18.591,0.60
18.601,0.58
18.611,0.59
18.624,0.56
18.631,0.58
18.641,0.55
18.651,0.54
18.661,0.58
18.675,0.63
18.681,0.59
18.691,0.59
18.701,0.59
18.712,0.55
18.724,0.55
18.732,0.54
18.742,0.61
18.752,0.53
18.762,0.63
18.775,0.61
18.782,0.58
18.792,0.59
18.802,0.54
18.812,0.60
18.825,0.55
18.832,0.53
18.842,0.55
18.852,0.60
18.862,0.57
18.874,0.54
18.882,0.59
18.892,0.59
18.902,0.55
18.913,0.62
18.925,0.60
18.933,0.60
18.943,0.58
18.953,0.56
18.963,0.50
18.975,0.53
18.983,0.62
18.993,0.49
19.008,0.56
19.013,0.47
19.025,0.56
19.033,0.60
19.043,0.59
19.058,0.62
19.063,0.57
19.074,0.59
19.083,0.56
19.094,0.49
19.109,0.59
19.114,0.59
19.124,0.57
19.134,0.62
19.144,0.63
19.155,0.61
19.164,0.57
19.175,0.56
19.184,0.62
19.194,0.59
19.208,0.58
19.214,0.54
19.225,0.57
19.234,0.54
19.245,0.62
19.257,0.62
19.264,0.58
19.275,0.56
19.284,0.57
19.295,0.59
19.308,0.57
19.315,0.60
19.325,0.52
19.335,0.55
19.345,0.58
19.358,0.58
19.365,0.50
19.375,0.57
19.385,0.56
19.395,0.61
19.408,0.57
19.415,0.58
19.425,0.56
19.435,0.55
19.446,0.61
19.458,0.53
19.466,0.59
19.476,0.51
19.486,0.55
19.496,0.55
19.508,0.58
19.516,0.49
19.526,0.52
19.536,0.59
19.546,0.62
19.557,0.53
19.566,0.59
19.576,0.58
19.586,0.57
19.596,0.54
19.609,0.61
19.616,0.53
19.626,0.56
19.637,0.59
19.647,0.61
19.659,0.55
19.667,0.59
19.677,0.60
19.687,0.56
19.697,0.56
19.709,0.59
19.717,0.53
19.727,0.61
19.742,0.58
19.747,0.55
19.759,0.61
19.767,0.52
19.777,0.57
19.793,0.52
19.797,0.51
19.809,0.57
19.818,0.57
19.828,0.56
19.842,0.59
19.848,0.56
19.859,0.52
19.868,0.54
19.878,0.60
19.893,0.51
19.898,0.57
19.909,0.65
19.918,0.57
19.928,0.58
19.942,0.58
19.948,0.60
19.959,0.62
19.968,0.55
19.978,0.53
19.992,0.59
19.999,0.57
20.009,0.57
20.019,0.53
20.029,0.55
20.042,0.61
20.049,0.61
20.059,0.56
20.069,0.59
20.079,0.57
20.092,0.64
20.099,0.54
20.110,0.53
20.119,0.62
20.129,0.63
20.141,0.58
20.149,0.64
20.159,0.55
20.169,0.50
20.179,0.54
20.193,0.54
20.200,0.55
20.210,0.66
20.220,0.58
20.230,0.57
20.242,0.57
20.250,0.58
20.260,0.57
20.270,0.54
20.280,0.60
20.293,0.58
20.300,0.58
20.310,0.60
20.320,0.55
20.330,0.49
20.343,0.59
20.350,0.54
20.361,0.58
20.370,0.56
20.381,0.59
20.393,0.61
20.401,0.57
20.411,0.64
20.421,0.61
20.431,0.50
20.443,0.59
20.451,0.55
20.461,0.55
20.476,0.62
20.481,0.63
20.493,0.59
20.501,0.56
20.511,0.59
20.526,0.57
20.532,0.54
20.544,0.57
20.552,0.57
20.562,0.50
20.577,0.58
20.582,0.60
20.593,0.61
20.602,0.61
20.612,0.58
20.626,0.52
20.632,0.58
20.643,0.60
20.652,0.54
20.662,0.66
20.677,0.61
20.682,0.56
20.693,0.58
20.702,0.51
20.713,0.50
20.726,0.57
20.733,0.55
20.743,0.54
20.753,0.57
20.763,0.57
20.776,0.57
20.783,0.60
20.793,0.57
20.803,0.57
20.813,0.56
20.826,0.60
20.833,0.59
20.843,0.56
20.853,0.62
20.863,0.62
20.876,0.59
20.883,0.57
20.894,0.53
20.904,0.55
20.914,0.53
20.927,0.60
20.934,0.57
20.944,0.57
20.954,0.56
20.964,0.54
20.977,0.62
20.984,0.59
20.994,0.55
21.004,0.60
21.014,0.54
21.027,0.56
21.034,0.54
21.045,0.61
21.054,0.56
21.065,0.56
21.077,0.59
21.085,0.57
21.095,0.59
21.105,0.55
21.115,0.58
21.127,0.52
21.135,0.59
21.145,0.59
21.155,0.54
21.165,0.54
21.175,0.57
21.185,0.55
21.195,0.61
21.211,0.60
21.215,0.64
21.226,0.55
21.235,0.60
21.246,0.58
21.259,0.53
21.266,0.54
21.277,0.55
21.286,0.58
21.296,0.60
21.311,0.57
21.316,0.58
21.327,0.58
21.336,0.56
21.346,0.57
21.360,0.60
21.366,0.57
21.377,0.58
21.386,0.56
21.396,0.62
21.410,0.55
21.416,0.57
21.427,0.56
21.437,0.54
21.447,0.62
21.461,0.58
21.467,0.60
21.477,0.58
21.487,0.58
21.497,0.62
21.511,0.57
21.517,0.59
21.527,0.55
21.537,0.59
21.547,0.60
21.558,0.56
21.567,0.56
21.577,0.57
21.587,0.58
21.598,0.54
21.611,0.52
21.618,0.52
21.628,0.57
21.638,0.60
21.648,0.57
21.661,0.54
21.668,0.56
21.678,0.65
21.688,0.52
21.698,0.56
21.711,0.59
21.718,0.57
21.728,0.57
21.738,0.58
21.748,0.51
21.761,0.45
21.769,0.50
21.779,0.57
21.789,0.62
21.799,0.58
21.811,0.60
21.819,0.52
21.829,0.55
21.839,0.56
21.849,0.59
21.861,0.58
21.869,0.57
21.879,0.56
21.889,0.52
21.899,0.55
21.911,0.57
21.919,0.55
21.929,0.53
21.945,0.50
21.949,0.55
21.961,0.60
21.969,0.58
21.980,0.52
21.995,0.51
22.000,0.51
22.011,0.54
22.020,0.59
22.030,0.53
22.045,0.56
22.050,0.56
22.062,0.59
22.070,0.62
22.080,0.60
22.094,0.56
22.100,0.56
22.111,0.62
22.120,0.54
22.131,0.54
22.144,0.57
22.151,0.54
22.161,0.54
22.171,0.55
22.180,0.61
22.192,0.55
22.201,0.56
22.211,0.61
22.221,0.59
22.231,0.58
22.243,0.56
22.251,0.61
22.261,0.60
22.271,0.58
22.281,0.55
22.295,0.57
22.302,0.52
22.312,0.56
22.322,0.58
22.332,0.56
22.345,0.53
22.352,0.61
22.362,0.59
22.372,0.57
22.382,0.60
22.395,0.54
22.402,0.60
22.412,0.61
22.422,0.65
22.432,0.54
22.445,0.51
22.452,0.55
22.462,0.56
22.472,0.57
22.483,0.53
22.495,0.58
22.502,0.57
22.513,0.62
22.523,0.58
22.533,0.50
22.545,0.58
22.553,0.54
22.563,0.52
22.573,0.60
22.583,0.63
22.595,0.54
22.603,0.58
22.613,0.59
22.623,0.64
22.633,0.57
22.645,0.55
22.653,0.60
22.663,0.63
22.673,0.59
22.684,0.59
22.695,0.57
22.704,0.54
22.714,0.52
22.728,0.61
22.734,0.60
22.745,0.58
22.754,0.56
22.764,0.56
22.778,0.51
22.784,0.62
22.796,0.52
22.804,0.51
22.814,0.60
22.829,0.58
22.835,0.55
22.846,0.55
22.854,0.57
22.865,0.60
22.878,0.56
22.885,0.58
22.895,0.54
22.905,0.50
22.915,0.51
22.929,0.55
22.935,0.54
22.946,0.57
22.955,0.54
22.965,0.57
22.979,0.65
22.985,0.59
22.996,0.55
23.005,0.57
23.015,0.57
23.029,0.59
23.035,0.54
23.046,0.50
23.056,0.49
23.066,0.58
23.079,0.54
23.086,0.53
23.096,0.53
23.106,0.53
23.116,0.57
23.129,0.59
23.136,0.60
23.146,0.61
23.156,0.63
23.166,0.55
23.179,0.50
23.186,0.53
23.196,0.63
23.206,0.57
23.216,0.54
23.226,0.59
23.236,0.58
23.247,0.54
23.257,0.53
23.267,0.55
23.279,0.58
23.287,0.57
23.297,0.59
23.307,0.57
23.317,0.60
23.329,0.60
23.337,0.66
23.347,0.65
23.357,0.57
23.367,0.57
23.379,0.58
23.387,0.59
23.398,0.56
23.408,0.51
23.418,0.47
23.429,0.56
23.438,0.52
23.448,0.61
23.463,0.61
23.468,0.55
23.479,0.57
23.488,0.65
23.498,0.57
23.513,0.58
23.518,0.50
23.530,0.58
23.538,0.63
23.549,0.66
23.561,0.60
23.568,0.56
23.579,0.62
23.589,0.53
23.599,0.60
23.613,0.60
23.619,0.60
23.630,0.55
23.639,0.55
23.649,0.59
23.663,0.63
23.669,0.57
23.679,0.58
23.689,0.60
23.699,0.58
23.713,0.61
23.719,0.59
23.729,0.59
23.739,0.56
23.749,0.59
23.763,0.55
23.769,0.56
23.780,0.58
23.790,0.53
23.800,0.55
23.813,0.57
23.820,0.51
23.830,0.59
23.840,0.53
23.850,0.57
23.863,0.55
23.870,0.57
23.880,0.61
23.890,0.58
23.900,0.57
23.913,0.55
23.920,0.58
23.930,0.57
23.940,0.59
23.951,0.57
23.963,0.54
23.971,0.57
23.981,0.53
23.991,0.57
24.001,0.50
24.014,0.56
24.021,0.57
24.031,0.54
24.041,0.56
24.051,0.58
24.063,0.56
24.071,0.54
24.081,0.59
24.091,0.62
24.101,0.59
24.113,0.55
24.121,0.53
24.132,0.54
24.142,0.55
24.152,0.57
24.164,0.61
24.172,0.58
24.182,0.57
24.197,0.52
24.202,0.56
24.214,0.57
24.222,0.61
24.232,0.59
24.244,0.63
24.252,0.51
24.262,0.60
24.272,0.62
24.283,0.60
24.297,0.66
24.303,0.56
24.314,0.56
24.323,0.56
24.333,0.57
24.346,0.61
24.353,0.52
24.364,0.50
24.373,0.63
24.383,0.62
24.397,0.57
24.403,0.54
24.414,0.55
24.423,0.52
24.433,0.56
24.447,0.56
24.453,0.54
24.464,0.56
24.473,0.54
24.484,0.50
24.497,0.48
24.504,0.56
24.514,0.60
24.524,0.53
24.534,0.55
24.547,0.50
24.554,0.65
24.564,0.64
24.574,0.55
24.584,0.53
24.597,0.60
24.604,0.60
24.614,0.66
24.624,0.56
24.634,0.57
24.647,0.63
24.654,0.69
24.664,0.57
24.675,0.60
24.685,0.60
24.697,0.53
24.705,0.53
24.715,0.53
24.725,0.53
24.735,0.57
24.748,0.57
24.755,0.61
24.765,0.54
24.775,0.54
24.785,0.56
24.798,0.54
24.805,0.56
24.816,0.61
24.825,0.58
24.836,0.57
24.847,0.56
24.856,0.58
24.866,0.55
24.876,0.55
24.886,0.59
24.898,0.53
24.906,0.57
24.916,0.59
24.930,0.57
24.936,0.54
24.948,0.62
24.956,0.54
24.966,0.56
24.981,0.58
24.986,0.50
24.998,0.59
25.006,0.58
25.017,0.55
25.031,0.58
25.037,0.61
25.048,0.53
25.057,0.61
25.067,0.56
25.081,0.62
25.087,0.56
25.098,0.57
25.107,0.61
25.117,0.55
25.131,0.55
25.137,0.57
25.148,0.51
25.157,0.58
25.167,0.64
25.181,0.55
25.187,0.62
25.198,0.57
25.207,0.58
25.218,0.63
25.231,0.57
25.237,0.54
25.248,0.58
25.257,0.60
25.268,0.60
25.281,0.54
25.288,0.53
25.298,0.57
25.308,0.53
25.318,0.47
25.330,0.50
25.338,0.57
25.348,0.57
25.358,0.60
25.368,0.63
25.381,0.56
25.389,0.54
25.399,0.52
25.409,0.59
25.419,0.61
25.431,0.63
25.439,0.62
25.449,0.61
25.459,0.53
25.469,0.54
25.481,0.58
25.489,0.50
25.499,0.54
25.509,0.61
25.519,0.55
25.531,0.62
25.539,0.56
25.550,0.61
25.559,0.52
25.570,0.53
25.580,0.53
25.590,0.55
25.600,0.51
25.610,0.56
25.620,0.58
25.631,0.66
25.640,0.57
25.650,0.48
25.665,0.61
25.670,0.61
25.682,0.60
25.690,0.58
25.700,0.63
25.715,0.61
25.720,0.54
25.732,0.58
25.740,0.60
25.751,0.51
25.765,0.62
25.771,0.60
25.782,0.61
25.791,0.59
25.801,0.62
25.815,0.66
25.821,0.57
25.832,0.52
25.841,0.56
25.851,0.58
25.865,0.55
25.871,0.61
25.882,0.62
25.891,0.59
25.901,0.56
25.915,0.59
25.921,0.59
25.932,0.56
25.942,0.59
25.952,0.51
25.966,0.59
25.972,0.56
25.982,0.57
25.992,0.57
26.002,0.56
26.015,0.56
26.022,0.60
26.032,0.67
26.042,0.61
26.052,0.62
26.065,0.61
26.072,0.51
26.082,0.57
26.093,0.58
26.103,0.58
26.115,0.62
26.123,0.55
26.133,0.56
26.143,0.60
26.153,0.65
26.165,0.55
26.173,0.59
26.183,0.48
26.193,0.56
26.203,0.57
26.215,0.54
26.223,0.55
26.233,0.53
26.243,0.58
26.253,0.59
26.263,0.58
26.273,0.55
26.283,0.57
26.294,0.58
26.304,0.57
26.315,0.59
26.324,0.58
26.334,0.55
26.344,0.63
26.354,0.55
26.366,0.59
26.374,0.53
26.384,0.56
26.399,0.52
26.404,0.60
26.416,0.57
26.424,0.58
26.434,0.60
26.449,0.61
26.454,0.59
26.466,0.57
26.475,0.59
26.485,0.60
26.499,0.55
26.505,0.61
26.516,0.53
26.525,0.53
26.535,0.56
26.549,0.59
26.555,0.55
26.565,0.53
26.575,0.58
26.585,0.56
26.599,0.62
26.605,0.54
26.616,0.56
26.625,0.62
26.636,0.58
26.649,0.58
26.656,0.52
26.666,0.57
26.676,0.59
26.686,0.54
26.700,0.54
26.706,0.58
26.716,0.57
26.726,0.62
26.736,0.58
26.749,0.55
26.756,0.55
26.766,0.57
26.776,0.60
26.786,0.61
26.799,0.60
26.806,0.60
26.817,0.55
26.826,0.61
26.837,0.61
26.849,0.56
26.857,0.55
26.867,0.61
26.877,0.59
26.887,0.52
26.900,0.62
26.907,0.62
26.917,0.56
26.927,0.62
26.937,0.55
26.950,0.59
26.957,0.54
26.967,0.60
26.977,0.51
26.987,0.55
27.000,0.61
27.007,0.59
27.018,0.62
27.027,0.63
27.038,0.60
27.049,0.63
27.058,0.45
27.068,0.60
27.078,0.55
27.088,0.57
27.100,0.57
27.108,0.56
27.118,0.60
27.133,0.55
27.138,0.57
27.150,0.68
27.158,0.52
27.168,0.53
27.183,0.63
27.189,0.63
27.200,0.61
27.209,0.56
27.219,0.60
27.233,0.56
27.239,0.59
27.250,0.61
27.259,0.52
27.269,0.57
27.281,0.62
27.289,0.54
27.299,0.60
27.309,0.60
27.320,0.58
27.333,0.56
27.340,0.53
27.351,0.53
27.359,0.59
27.370,0.57
27.383,0.59
27.390,0.52
27.400,0.50
27.410,0.60
27.420,0.54
27.433,0.56
27.440,0.61
27.450,0.60
27.460,0.60
27.470,0.61
27.483,0.58
27.490,0.53
27.500,0.58
27.510,0.64
27.520,0.61
27.534,0.54
27.541,0.53
27.551,0.57
27.560,0.58
27.571,0.59
27.584,0.61
27.591,0.49
27.601,0.58
27.611,0.53
27.621,0.54
27.633,0.66
27.641,0.58
27.651,0.61
27.661,0.57
27.671,0.54
27.684,0.62
27.691,0.64
27.701,0.61
27.711,0.65
27.722,0.62
27.734,0.62
27.742,0.57
27.752,0.64
27.762,0.61
27.772,0.51
27.784,0.60
27.792,0.54
27.802,0.58
27.812,0.65
27.822,0.60
27.834,0.59
27.842,0.59
27.852,0.56
27.867,0.51
27.872,0.57
27.884,0.59
27.892,0.55
27.902,0.60
27.917,0.52
27.923,0.57
27.935,0.61
27.943,0.60
27.953,0.59
27.967,0.57
27.973,0.57
27.984,0.52
27.993,0.57
28.003,0.58
28.017,0.61
28.023,0.62
28.034,0.60
28.043,0.54
28.053,0.59
28.068,0.60
28.073,0.56
28.084,0.57
28.094,0.56
28.104,0.56
28.117,0.57
28.124,0.56
28.134,0.58
28.144,0.61
28.154,0.66
28.168,0.66
28.174,0.59
28.184,0.54
28.194,0.57
28.204,0.57
28.217,0.50
28.224,0.57
28.235,0.54
28.244,0.53
28.255,0.64
28.268,0.60
28.275,0.59
28.285,0.57
28.294,0.63
28.305,0.63
28.315,0.59
28.324,0.55
28.335,0.54
28.345,0.55
28.355,0.53
28.368,0.58
28.375,0.56
28.385,0.56
28.395,0.60
28.405,0.56
28.417,0.56
28.425,0.57
28.436,0.54
28.445,0.58
28.455,0.59
28.467,0.58
28.476,0.53
28.486,0.60
28.496,0.62
28.506,0.58
28.517,0.56
28.526,0.58
28.536,0.60
28.551,0.56
28.556,0.57
28.566,0.54
28.576,0.51
28.586,0.55
28.601,0.54
28.606,0.61
28.618,0.63
28.626,0.53
28.637,0.60
28.651,0.55
28.657,0.56
28.668,0.54
28.677,0.63
28.687,0.64
28.701,0.57
28.707,0.52
28.718,0.51
28.727,0.56
28.737,0.53
28.752,0.51
28.757,0.56
28.768,0.63
28.777,0.57
28.787,0.64
28.801,0.59
28.808,0.58
28.817,0.57
28.828,0.48
28.838,0.51
28.851,0.51
28.858,0.56
28.868,0.53
28.878,0.61
28.888,0.60
28.901,0.56
28.908,0.59
28.918,0.57
28.928,0.59
28.938,0.59
28.952,0.53
28.958,0.58
28.969,0.57
28.978,0.57
28.988,0.55
29.001,0.63
29.008,0.61
29.019,0.58
29.029,0.59
29.039,0.51
29.052,0.61
29.059,0.62
29.069,0.58
29.079,0.57
29.089,0.52
29.102,0.61
29.109,0.59
29.119,0.56
29.129,0.55
29.139,0.58
29.152,0.56
29.159,0.66
29.169,0.54
29.179,0.58
29.190,0.61
29.202,0.55
29.210,0.54
29.220,0.60
29.230,0.55
29.240,0.63
29.252,0.56
29.260,0.64
29.270,0.54
29.280,0.59
29.290,0.53
29.303,0.56
29.310,0.58
29.320,0.55
29.330,0.58
29.340,0.54
29.350,0.59
29.360,0.55
29.371,0.56
29.385,0.57
29.391,0.57
29.402,0.57
29.411,0.58
29.421,0.52
29.436,0.55
29.441,0.62
29.452,0.61
29.461,0.48
29.471,0.60
29.485,0.61
29.491,0.57
29.501,0.53
29.511,0.57
29.521,0.53
29.536,0.61
29.542,0.62
29.551,0.50
29.562,0.54
29.572,0.57
29.586,0.60
29.592,0.50
29.602,0.55
29.612,0.58
29.622,0.58
29.636,0.58
29.642,0.58
29.652,0.59
29.662,0.60
29.672,0.59
29.686,0.56
29.692,0.53
29.703,0.55
29.712,0.60
29.723,0.58
29.736,0.58
29.743,0.55
29.753,0.65
29.763,0.58
29.773,0.49
29.786,0.57
29.793,0.56
29.803,0.57
29.813,0.58
29.823,0.60
29.836,0.59
29.843,0.57
29.853,0.56
29.863,0.60
29.873,0.55
29.887,0.56
29.893,0.60
29.903,0.51
29.913,0.54
29.924,0.59
29.936,0.57
29.944,0.60
29.955,0.57
29.964,0.55
29.974,0.65
29.987,0.62
29.994,0.51
30.004,0.59
30.014,0.55
30.024,0.62
30.037,0.63
30.044,0.54
30.054,0.58
30.064,0.56
30.075,0.57
30.086,0.54
30.095,0.57
30.105,0.50
30.120,0.61
30.125,0.58
30.137,0.56
30.145,0.62
30.155,0.60
30.169,0.60
30.175,0.54
30.187,0.55
30.195,0.62
30.205,0.57
30.219,0.54
30.225,0.62
30.237,0.59
30.245,0.56
30.256,0.59
30.270,0.59
30.276,0.55
30.286,0.54
30.296,0.54
30.306,0.53
30.320,0.49
30.326,0.57
30.336,0.53
30.346,0.58
30.356,0.62
30.367,0.64
30.376,0.58
30.386,0.57
30.396,0.54
30.406,0.54
30.420,0.55
30.426,0.49
30.437,0.56
30.446,0.56
30.457,0.56
30.468,0.59
30.477,0.59
30.487,0.57
30.497,0.53
30.507,0.57
30.520,0.55
30.527,0.60
30.537,0.68
30.547,0.60
30.557,0.56
30.569,0.52
30.577,0.57
30.587,0.58
30.597,0.59
30.607,0.63
30.620,0.55
30.627,0.59
30.638,0.56
30.648,0.52
30.658,0.58
30.670,0.63
30.678,0.51
30.688,0.59
30.698,0.58
30.708,0.59
30.720,0.66
30.728,0.59
30.738,0.58
30.748,0.57
30.758,0.54
30.770,0.63
30.778,0.63
30.788,0.55
30.798,0.60
30.809,0.56
30.820,0.58
30.829,0.56
30.839,0.57
30.853,0.54
30.859,0.54
30.871,0.63
30.879,0.57
30.889,0.60
30.903,0.52
30.909,0.56
30.921,0.59
30.929,0.61
30.939,0.62
30.954,0.58
30.959,0.59
30.971,0.58
30.980,0.53
30.990,0.61
31.004,0.60
31.010,0.57
31.020,0.60
31.030,0.58
31.040,0.53
31.054,0.53
31.060,0.59
31.071,0.50
31.080,0.54
31.090,0.58
31.104,0.60
31.110,0.56
31.120,0.59
31.130,0.55
31.141,0.54
31.154,0.49
31.161,0.55
31.171,0.54
31.181,0.55
31.191,0.57
31.204,0.54
31.211,0.65
31.221,0.56
31.231,0.53
31.241,0.59
31.254,0.56
31.261,0.50
31.271,0.58
31.281,0.53
31.291,0.61
31.304,0.55
31.311,0.60
31.321,0.61
31.331,0.61
31.342,0.62
31.352,0.57
31.361,0.59
31.372,0.56
31.381,0.58
31.392,0.61
31.404,0.63
31.412,0.51
31.422,0.57
31.432,0.54
31.442,0.57
31.455,0.64
31.462,0.55
31.472,0.56
31.482,0.59
31.493,0.58
31.503,0.56
31.512,0.58
31.523,0.65
31.533,0.58
31.543,0.57
31.553,0.55
31.562,0.52
31.573,0.56
31.588,0.58
31.593,0.61
31.604,0.56
31.613,0.58
31.623,0.57
31.638,0.54
31.643,0.55
31.655,0.62
31.663,0.57
31.673,0.64
31.688,0.64
31.693,0.59
31.704,0.54
31.714,0.56
31.724,0.53
31.738,0.60
31.744,0.63
31.755,0.56
31.764,0.58
31.774,0.57
31.788,0.63
31.794,0.54
31.805,0.57
31.814,0.59
31.824,0.58
31.838,0.53
31.844,0.58
31.855,0.58
31.864,0.53
31.875,0.53
31.888,0.62
31.895,0.54
31.905,0.60
31.915,0.52
31.925,0.57
31.939,0.55
31.945,0.57
31.955,0.57
31.965,0.61
31.975,0.63
31.988,0.58
31.995,0.56
32.005,0.52
32.015,0.56
32.025,0.56
32.038,0.57
32.045,0.54
32.055,0.58
32.066,0.53
32.076,0.55
32.088,0.59
32.096,0.55
32.106,0.53
32.116,0.55
32.126,0.53
32.139,0.55
32.146,0.56
32.156,0.58
32.166,0.54
32.176,0.59
32.189,0.51
32.196,0.47
32.206,0.55
32.216,0.58
32.226,0.62
32.238,0.54
32.247,0.55
32.257,0.60
32.267,0.56
32.277,0.57
32.288,0.58
32.297,0.55
32.307,0.51
32.322,0.60
32.327,0.53
32.339,0.56
32.347,0.62
32.357,0.55
32.370,0.57
32.377,0.61
32.387,0.59
32.397,0.58
32.407,0.56
32.422,0.59
32.428,0.56
32.438,0.55
32.448,0.60
32.458,0.58
32.470,0.61
32.478,0.62
32.488,0.56
32.498,0.63
32.508,0.53
32.522,0.56
32.528,0.60
32.539,0.50
32.548,0.56
32.558,0.64
32.571,0.57
32.578,0.51
32.589,0.51
32.598,0.56
32.609,0.58
32.622,0.62
32.629,0.60
32.639,0.57
32.649,0.61
32.659,0.54
32.673,0.55
32.679,0.58
32.689,0.52
32.699,0.60
32.709,0.58
32.722,0.56
32.729,0.57
32.739,0.54
32.749,0.57
32.760,0.56
32.772,0.57
32.779,0.63
32.790,0.59
32.800,0.57
32.810,0.58
32.822,0.58
32.830,0.58
32.840,0.57
32.850,0.57
32.860,0.54
32.873,0.56
32.880,0.55
32.890,0.55
32.900,0.63
32.910,0.60
32.922,0.58
32.930,0.56
32.940,0.59
32.950,0.52
32.961,0.55
32.973,0.62
32.981,0.55
32.991,0.56
33.001,0.59
33.011,0.61
33.023,0.58
33.031,0.56
33.041,0.60
33.056,0.58
33.061,0.59
33.072,0.58
33.081,0.61
33.091,0.55
33.106,0.56
33.111,0.53
33.123,0.57
33.132,0.53
33.142,0.55
33.156,0.51
33.162,0.54
33.173,0.55
33.182,0.56
33.192,0.55
33.206,0.56
33.212,0.53
33.223,0.53
33.232,0.54
33.242,0.51
33.256,0.55
33.262,0.58
33.273,0.53
33.282,0.61
33.293,0.56
33.306,0.58
33.313,0.61
33.323,0.51
33.333,0.56
33.343,0.60
33.356,0.54
33.363,0.60
33.373,0.54
33.383,0.56
33.393,0.58
33.403,0.52
33.413,0.62
33.423,0.58
33.433,0.56
33.443,0.60
33.456,0.56
33.463,0.61
33.474,0.59
33.483,0.58
33.494,0.59
33.505,0.56
33.514,0.53
33.524,0.54
33.534,0.60
33.544,0.56
33.555,0.57
33.564,0.55
33.574,0.53
33.584,0.58
33.594,0.58
33.606,0.56
33.614,0.57
33.625,0.57
33.634,0.54
33.645,0.58
33.657,0.59
33.665,0.62
33.675,0.57
33.685,0.61
33.695,0.56
33.706,0.59
33.715,0.57
33.725,0.58
33.735,0.59
33.745,0.56
33.757,0.60
33.765,0.56
33.775,0.54
33.790,0.59
33.795,0.64
33.807,0.57
33.815,0.54
33.826,0.53
33.840,0.62
33.846,0.57
33.857,0.55
33.866,0.57
33.876,0.54
33.891,0.56
33.896,0.51
33.907,0.51
33.916,0.55
33.926,0.62
33.940,0.54
33.946,0.56
33.957,0.53
33.966,0.56
33.976,0.64
33.990,0.54
33.996,0.50
34.007,0.59
34.017,0.58
34.027,0.65
34.040,0.59
34.047,0.51
34.057,0.50
34.067,0.62
34.078,0.64
34.090,0.58
34.097,0.55
34.107,0.55
34.117,0.52
34.127,0.52
34.140,0.58
34.147,0.53
34.157,0.59
34.167,0.58
34.178,0.68
34.191,0.52
34.197,0.53
34.208,0.56
34.218,0.64
34.228,0.65
34.240,0.56
34.248,0.53
34.258,0.57
34.268,0.56
34.278,0.62
34.290,0.60
34.298,0.56
34.308,0.56
34.318,0.57
34.328,0.63
34.338,0.60
34.348,0.60
34.358,0.53
34.368,0.51
34.379,0.53
34.390,0.59
34.398,0.62
34.409,0.56
34.418,0.61
34.429,0.54
34.439,0.56
34.449,0.56
34.459,0.58
34.469,0.64
34.479,0.61
34.491,0.56
34.499,0.56
34.509,0.63
34.519,0.57
34.529,0.60
34.540,0.62
34.550,0.59
34.559,0.54
34.575,0.57
34.580,0.64
34.591,0.64
34.600,0.57
34.610,0.55
34.624,0.54
34.630,0.59
34.640,0.61
34.650,0.59
34.660,0.56
34.674,0.52
34.680,0.64
34.691,0.55
34.700,0.57
34.710,0.55
34.724,0.56
34.731,0.62
34.741,0.58
34.751,0.64
34.761,0.56
34.775,0.52
34.781,0.51
34.791,0.55
34.801,0.57
34.811,0.58
34.824,0.56
34.831,0.57
34.841,0.58
34.851,0.54
34.861,0.54
34.874,0.56
34.881,0.54
34.892,0.61
34.901,0.61
34.912,0.60
34.924,0.53
34.932,0.55
34.942,0.59
34.952,0.60
34.962,0.53
34.975,0.54
34.982,0.58
34.992,0.55
35.002,0.56
35.012,0.53
35.025,0.55
35.032,0.56
35.042,0.59
35.052,0.58
35.062,0.55
35.075,0.58
35.082,0.59
35.093,0.51
35.103,0.61
35.113,0.57
35.125,0.57
35.133,0.49
35.143,0.52
35.153,0.61
35.163,0.62
35.175,0.54
35.183,0.59
35.193,0.59
35.203,0.60
35.213,0.58
35.225,0.60
35.233,0.56
35.243,0.58
35.258,0.56
35.263,0.56
35.275,0.58
35.284,0.55
35.294,0.53
35.308,0.57
35.314,0.61
35.325,0.56
35.334,0.54
35.344,0.62
35.359,0.55
35.364,0.55
35.375,0.58
35.384,0.65
35.394,0.57
35.409,0.58
35.414,0.55
35.424,0.64
35.434,0.64
35.444,0.56
35.458,0.52
35.465,0.50
35.476,0.60
35.485,0.54
35.495,0.55
35.507,0.53
35.515,0.58
35.525,0.59
35.535,0.54
35.545,0.55
35.557,0.58
35.565,0.57
35.576,0.59
35.585,0.57
35.595,0.58
35.609,0.55
35.616,0.52
35.626,0.61
35.636,0.54
35.646,0.54
35.658,0.54
35.666,0.56
35.676,0.55
35.686,0.53
35.696,0.56
35.708,0.57
35.716,0.59
35.726,0.59
35.736,0.55
35.746,0.57
35.759,0.55
35.766,0.57
35.776,0.59
35.786,0.56
35.796,0.60
35.809,0.55
35.817,0.58
35.827,0.59
35.837,0.58
35.847,0.59
35.859,0.54
35.867,0.57
35.877,0.59
35.887,0.56
35.897,0.53
35.909,0.53
35.917,0.56
35.927,0.55
35.937,0.57
35.947,0.54
35.959,0.49
35.967,0.59
35.978,0.54
35.993,0.58
35.998,0.50
36.009,0.53
36.018,0.62
36.028,0.58
36.042,0.59
36.048,0.59
36.059,0.55
36.068,0.57
36.078,0.53
36.093,0.57
36.098,0.55
36.109,0.52
36.118,0.50
36.128,0.56
36.143,0.56
36.149,0.62
36.159,0.54
36.168,0.54
36.179,0.56
36.193,0.54
36.199,0.57
36.209,0.53
36.219,0.58
36.229,0.52
36.243,0.56
36.249,0.54
36.259,0.54
36.269,0.60
36.279,0.57
36.292,0.56
36.299,0.57
36.309,0.59
36.319,0.57
36.329,0.56
36.343,0.59
36.350,0.59
36.360,0.60
36.370,0.51
36.380,0.49
36.393,0.57
36.400,0.58
36.410,0.62
36.420,0.53
36.430,0.61
36.441,0.60
36.450,0.61
36.460,0.56
36.470,0.60
36.481,0.53
36.493,0.53
36.501,0.58
36.510,0.59
36.520,0.61
36.531,0.54
36.541,0.61
36.551,0.60
36.561,0.62
36.571,0.61
36.581,0.55
36.593,0.49
36.601,0.57
36.611,0.62
36.621,0.59
36.631,0.57
36.643,0.56
36.651,0.57
36.661,0.56
36.671,0.61
36.682,0.53
36.693,0.52
36.701,0.53
36.712,0.58
36.727,0.51
36.732,0.61
36.744,0.58
36.752,0.56
36.762,0.58
36.776,0.58
36.782,0.56
36.793,0.57
36.802,0.56
36.812,0.51
36.827,0.49
36.832,0.60
36.844,0.63
36.852,0.57
36.863,0.56
36.876,0.55
36.883,0.55
36.893,0.55
36.903,0.59
36.913,0.56
36.926,0.54
36.933,0.59
36.944,0.62
36.953,0.59
36.963,0.55
36.977,0.58
36.983,0.58
36.994,0.59
37.003,0.52
37.013,0.57
37.027,0.56
37.033,0.59
37.044,0.52
37.053,0.54
37.064,0.55
37.077,0.55
37.084,0.59
37.094,0.61
37.104,0.55
37.114,0.60
37.127,0.54
37.134,0.59
37.144,0.67
37.154,0.62
37.164,0.55
37.177,0.54
37.184,0.58
37.194,0.56
37.204,0.56
37.214,0.60
37.227,0.53
37.235,0.64
37.245,0.59
37.255,0.58
37.265,0.63
37.277,0.59
37.285,0.53
37.295,0.62
37.305,0.57
37.315,0.50
37.327,0.59
37.335,0.59
37.345,0.60
37.355,0.60
37.365,0.61
37.377,0.58
37.385,0.52
37.396,0.62
37.405,0.56
37.416,0.60
37.427,0.53
37.436,0.60
37.446,0.59
37.456,0.60
37.466,0.67
37.476,0.54
37.486,0.55
37.496,0.59
37.511,0.58
37.516,0.57
37.527,0.56
37.536,0.59
37.546,0.62
37.561,0.60
37.566,0.56
37.577,0.57
37.586,0.63
37.597,0.51
37.611,0.63
37.617,0.60
37.628,0.58
37.637,0.57
37.647,0.63
37.661,0.54
37.667,0.57
37.678,0.59
37.687,0.56
37.697,0.59
37.711,0.53
37.717,0.60
37.728,0.54
37.737,0.56
37.747,0.53
37.761,0.56
37.768,0.60
37.778,0.56
37.788,0.58
37.798,0.57
37.809,0.58
37.818,0.58
37.828,0.54
37.838,0.58
37.848,0.60
37.861,0.56
37.868,0.54
37.878,0.57
37.888,0.58
37.898,0.64
37.911,0.57
37.918,0.58
37.928,0.59
37.938,0.60
37.949,0.58
37.961,0.48
37.969,0.55
37.979,0.55
37.989,0.55
37.999,0.56
38.012,0.61
38.019,0.62
38.029,0.59
38.039,0.58
38.049,0.51
38.062,0.56
38.069,0.56
38.079,0.54
38.089,0.58
38.099,0.62
38.112,0.57
38.120,0.62
38.130,0.59
38.140,0.49
38.150,0.53
38.162,0.62
38.170,0.53
38.180,0.58
38.190,0.56
38.200,0.57
38.211,0.63
38.220,0.50
38.230,0.59
38.245,0.56
38.250,0.56
38.262,0.59
38.270,0.56
38.280,0.53
38.296,0.57
38.301,0.57
38.312,0.54
38.321,0.66
38.331,0.62
38.346,0.61
38.351,0.59
38.362,0.50
38.371,0.55
38.381,0.55
38.396,0.55
38.401,0.55
38.412,0.56
38.421,0.57
38.431,0.57
38.445,0.61
38.451,0.59
38.462,0.53
38.471,0.62
38.481,0.51
38.492,0.52
38.502,0.56
38.512,0.54
38.522,0.57
38.532,0.54
38.543,0.59
38.552,0.64
38.562,0.61
38.572,0.57
38.582,0.56
38.595,0.60
38.602,0.55
38.613,0.55
38.622,0.59
38.632,0.55
38.646,0.60
38.653,0.58
38.663,0.62
38.673,0.61
38.683,0.53
38.696,0.55
38.703,0.51
38.713,0.52
38.723,0.57
38.733,0.60
38.745,0.63
38.753,0.60
38.763,0.56
38.773,0.58
38.783,0.62
38.795,0.56
38.803,0.63
38.813,0.56
38.823,0.57
38.833,0.56
38.846,0.58
38.854,0.57
38.864,0.57
38.874,0.61
38.884,0.53
38.896,0.55
38.904,0.54
38.914,0.55
38.924,0.57
38.934,0.53
38.946,0.61
38.954,0.60
38.964,0.59
38.979,0.56
38.984,0.59
38.996,0.59
39.004,0.56
39.015,0.53
39.030,0.59
39.035,0.57
39.046,0.55
39.055,0.54
39.065,0.57
39.080,0.64
39.085,0.58
39.096,0.64
39.105,0.60
39.115,0.57
39.129,0.58
39.135,0.57
39.146,0.52
39.155,0.55
39.165,0.59
39.179,0.48
39.186,0.57
39.196,0.61
39.206,0.56
39.216,0.59
39.229,0.60
39.236,0.61
39.246,0.71
39.256,0.56
39.266,0.55
39.280,0.60
39.286,0.60
39.297,0.55
39.306,0.56
39.316,0.56
39.329,0.56
39.336,0.57
39.346,0.56
39.356,0.58
39.367,0.57
39.379,0.59
39.387,0.64
39.397,0.57
39.407,0.55
39.417,0.59
39.430,0.63
39.437,0.54
39.447,0.60
39.457,0.58
39.467,0.61
39.478,0.58
39.487,0.61
39.497,0.59
39.507,0.52
39.517,0.58
39.530,0.56
39.538,0.56
39.548,0.53
39.558,0.65
39.568,0.55
39.580,0.54
39.588,0.56
39.598,0.59
39.608,0.57
39.618,0.53
39.629,0.55
39.638,0.60
39.648,0.56
39.658,0.60
39.668,0.56
39.680,0.60
39.688,0.60
39.698,0.60
39.713,0.57
39.718,0.54
39.728,0.57
39.739,0.63
39.749,0.60
39.763,0.64
39.769,0.52
39.781,0.56
39.789,0.60
39.799,0.63
39.813,0.60
39.819,0.51
39.830,0.50
39.839,0.50
39.849,0.56
39.864,0.58
39.869,0.58
39.880,0.62
39.889,0.62
39.899,0.53
39.913,0.55
39.920,0.59
39.931,0.54
39.940,0.56
39.950,0.49
39.964,0.60
39.970,0.59
39.981,0.50
39.990,0.54
40.000,0.59
40.014,0.52
40.020,0.55
40.030,0.60
40.040,0.61
40.050,0.57
40.063,0.52
40.070,0.51
40.081,0.56
40.090,0.56
40.101,0.61
40.114,0.61
40.121,0.59
40.131,0.63
40.141,0.64
40.151,0.63
40.164,0.62
40.171,0.61
40.181,0.59
40.191,0.59
40.201,0.57
40.214,0.61
40.221,0.56
40.231,0.54
40.241,0.62
40.252,0.62
40.264,0.57
40.271,0.61
40.282,0.51
40.292,0.56
40.302,0.58
40.314,0.61
40.322,0.62
40.332,0.58
40.342,0.57
40.352,0.51
40.364,0.57
40.372,0.58
40.383,0.56
40.392,0.54
40.402,0.55
40.414,0.59
40.422,0.59
40.432,0.53
40.448,0.51
40.453,0.56
40.464,0.56
40.473,0.56
40.483,0.53
40.496,0.53
40.503,0.63
40.513,0.64
40.523,0.54
40.533,0.57
40.547,0.53
40.553,0.56
40.564,0.60
40.573,0.59
40.583,0.51
40.598,0.54
40.603,0.50
40.614,0.61
40.623,0.59
40.634,0.54
40.647,0.50
40.654,0.60
40.664,0.53
40.674,0.62
40.684,0.50
40.698,0.59
40.704,0.62
40.715,0.56
40.724,0.56
40.734,0.58
40.747,0.62
40.754,0.60
40.764,0.62
40.774,0.60
40.785,0.54
40.798,0.52
40.805,0.60
40.815,0.62
40.825,0.64
40.835,0.56
40.848,0.59
40.855,0.57
40.865,0.59
40.875,0.56
40.885,0.50
40.898,0.55
40.905,0.56
40.915,0.65
40.925,0.59
40.935,0.56
40.948,0.54
40.955,0.51
40.965,0.54
40.975,0.52
40.986,0.56
40.998,0.55
41.006,0.58
41.016,0.55
41.026,0.53
41.036,0.58
41.048,0.56
41.056,0.53
41.066,0.58
41.076,0.54
41.086,0.52
41.098,0.59
41.106,0.64
41.116,0.56
41.126,0.62
41.136,0.60
41.148,0.59
41.157,0.56
41.167,0.58
41.177,0.59
41.187,0.62
41.198,0.56
41.207,0.53
41.217,0.51
41.231,0.61
41.237,0.53
41.249,0.52
41.257,0.58
41.267,0.63
41.282,0.60
41.287,0.55
41.299,0.58
41.307,0.50
41.317,0.54
41.332,0.51
41.337,0.54
41.348,0.52
41.358,0.56
41.368,0.59
41.382,0.64
41.388,0.48
41.399,0.56
41.408,0.57
41.418,0.56
41.432,0.56
41.438,0.58
41.448,0.55
41.458,0.52
41.468,0.51
41.482,0.59
41.488,0.64
41.499,0.54
41.509,0.59
41.518,0.52
41.530,0.55
41.538,0.56
41.548,0.56
41.558,0.60
41.569,0.54
41.582,0.61
41.589,0.54
41.599,0.57
41.609,0.59
41.619,0.52
41.632,0.56
41.639,0.60
41.649,0.60
41.659,0.55
41.669,0.56
41.682,0.54
41.689,0.56
41.699,0.50
41.709,0.54
41.720,0.59
41.732,0.62
41.740,0.55
41.750,0.57
41.760,0.60
41.770,0.59
41.782,0.50
41.790,0.57
41.800,0.60
41.810,0.60
41.820,0.59
41.832,0.57
41.840,0.59
41.850,0.54
41.861,0.60
41.871,0.54
41.883,0.59
41.891,0.54
41.901,0.55
41.911,0.53
41.921,0.58
41.933,0.57
41.941,0.57
41.951,0.51
41.967,0.56
41.971,0.60
41.983,0.60
41.991,0.55
42.001,0.60
42.015,0.55
42.021,0.54
42.033,0.62
42.041,0.58
42.052,0.58
42.066,0.55
42.072,0.49
42.083,0.64
42.092,0.60
42.102,0.62
42.116,0.60
42.122,0.64
42.133,0.62
42.142,0.53
42.152,0.51
42.166,0.56
42.172,0.57
42.183,0.56
42.192,0.51
42.202,0.55
42.216,0.61
42.222,0.55
42.233,0.63
42.242,0.57
42.253,0.54
42.266,0.56
42.273,0.55
42.283,0.55
42.293,0.56
42.303,0.57
42.316,0.56
42.323,0.57
42.333,0.58
42.343,0.57
42.353,0.51
42.367,0.52
42.373,0.54
42.383,0.50
42.393,0.47
42.403,0.52
42.416,0.61
42.424,0.52
42.434,0.55
42.444,0.58
42.454,0.55
42.467,0.54
42.474,0.56
42.484,0.55
42.494,0.57
42.504,0.58
42.516,0.63
42.524,0.56
42.534,0.61
42.544,0.55
42.554,0.55
42.567,0.60
42.574,0.56
42.585,0.58
42.594,0.52
42.605,0.58
42.617,0.60
42.625,0.58
42.635,0.56
42.645,0.52
42.655,0.56
42.667,0.63
42.675,0.57
42.685,0.52
42.700,0.56
42.705,0.54
42.717,0.56
42.725,0.61
42.735,0.61
42.750,0.56
42.755,0.56
42.766,0.62
42.775,0.62
42.786,0.61
42.800,0.55
42.806,0.53
42.817,0.53
42.826,0.52
42.836,0.59
42.850,0.55
42.856,0.61
42.867,0.54
42.876,0.52
42.886,0.55
42.900,0.56
42.906,0.60
42.916,0.56
42.926,0.54
42.936,0.51
42.950,0.54
42.956,0.55
42.967,0.54
42.977,0.56
42.987,0.56
43.000,0.64
43.007,0.57
43.017,0.61
43.027,0.57
43.037,0.63
43.050,0.61
43.057,0.60
43.067,0.58
43.077,0.54
43.087,0.56
43.100,0.63
43.107,0.56
43.117,0.61
43.127,0.62
43.138,0.56
43.150,0.56
43.158,0.58
43.168,0.52
43.178,0.61
43.188,0.57
43.200,0.56
43.208,0.56
43.218,0.59
43.228,0.63
43.238,0.57
43.250,0.54
43.258,0.57
43.268,0.61
43.278,0.58
43.288,0.55
43.300,0.61
43.308,0.60
43.319,0.56
43.329,0.54
43.339,0.65
43.351,0.53
43.359,0.52
43.369,0.53
43.379,0.59
43.389,0.58
43.401,0.51
43.409,0.58
43.419,0.59
43.434,0.53
43.439,0.55
43.451,0.61
43.459,0.61
43.470,0.51
43.484,0.61
43.489,0.60
43.501,0.61
43.509,0.59
43.520,0.56
43.534,0.57
43.540,0.58
43.550,0.55
43.560,0.57
43.570,0.56
43.581,0.55
43.590,0.58
43.601,0.55
43.610,0.52
43.620,0.55
43.634,0.61
43.640,0.62
43.650,0.65
43.661,0.55
43.671,0.55
43.683,0.54
43.691,0.61
43.701,0.53
43.711,0.53
43.721,0.58
43.734,0.61
43.741,0.51
43.751,0.58
43.761,0.56
43.771,0.52
43.782,0.60
43.791,0.55
43.801,0.61
43.811,0.58
43.821,0.55
43.834,0.60
43.841,0.58
43.852,0.55
43.862,0.61
43.872,0.63
43.884,0.55
43.892,0.63
43.902,0.61
43.912,0.56
43.922,0.58
43.934,0.57
43.942,0.58
43.952,0.51
43.962,0.55
43.972,0.62
43.985,0.63
43.992,0.61
44.002,0.56
44.012,0.56
44.023,0.52
44.035,0.53
44.043,0.57
44.053,0.53
44.063,0.61
44.073,0.57
44.085,0.54
44.093,0.51
44.103,0.61
44.113,0.62
44.123,0.56
44.134,0.56
44.143,0.64
44.153,0.61
44.168,0.63
44.173,0.50
44.185,0.59
44.193,0.58
44.203,0.52
44.219,0.59
44.224,0.56
44.235,0.66
44.244,0.61
44.254,0.58
44.268,0.57
44.274,0.57
44.285,0.54
44.294,0.54
44.304,0.52
44.318,0.55
44.324,0.55
44.335,0.51
44.344,0.53
44.354,0.52
44.368,0.52
44.374,0.63
44.385,0.59
44.395,0.52
44.405,0.53
44.419,0.63
44.425,0.61
44.435,0.56
44.445,0.60
44.455,0.66
44.469,0.55
44.475,0.51
44.485,0.53
44.495,0.59
44.505,0.57
44.519,0.51
44.525,0.51
44.536,0.56
44.546,0.54
44.555,0.51
44.566,0.48
44.575,0.54
44.585,0.59
44.595,0.61
44.606,0.56
44.618,0.50
44.626,0.60
44.636,0.49
44.646,0.55
44.656,0.54
44.669,0.58
44.676,0.66
44.686,0.55
44.696,0.63
44.706,0.57
44.718,0.53
44.726,0.56
44.736,0.54
44.746,0.59
44.757,0.58
44.769,0.53
44.777,0.55
44.787,0.50
44.797,0.55
44.807,0.56
44.820,0.59
44.827,0.54
44.837,0.61
44.847,0.55
44.857,0.51
44.869,0.60
44.877,0.63
44.887,0.62
44.897,0.59
44.907,0.52
44.919,0.54
44.927,0.53
44.938,0.54
44.952,0.58
44.958,0.65
44.969,0.62
44.978,0.56
44.988,0.59
45.002,0.55
45.008,0.55
45.019,0.52
45.028,0.57
45.038,0.51
45.053,0.57
45.058,0.58
45.070,0.59
45.078,0.57
45.088,0.59
45.102,0.57
45.108,0.56
45.119,0.57
45.129,0.62
45.138,0.57
45.149,0.60
45.158,0.59
45.169,0.53
45.179,0.56
45.189,0.57
45.203,0.63
45.209,0.61
45.220,0.51
45.229,0.60
45.239,0.57
45.253,0.58
45.259,0.57
45.270,0.53
45.279,0.60
45.290,0.61
45.303,0.51
45.310,0.59
45.320,0.58
45.330,0.58
45.340,0.57
45.353,0.63
45.360,0.56
45.370,0.57
45.380,0.65
45.390,0.56
45.403,0.52
45.410,0.46
45.420,0.58
45.430,0.58
45.440,0.51
45.453,0.60
45.460,0.57
45.470,0.54
45.481,0.53
45.491,0.58
45.504,0.61
45.511,0.56
45.521,0.60
45.531,0.60
45.541,0.60
45.552,0.51
45.561,0.54
45.571,0.56
45.581,0.52
45.591,0.53
45.601,0.48
45.611,0.59
45.621,0.57
45.631,0.54
45.642,0.58
45.654,0.57
45.662,0.58
45.672,0.58
45.686,0.59
45.692,0.57
45.702,0.64
45.712,0.56
45.722,0.63
45.736,0.57
45.742,0.55
45.753,0.56
45.762,0.57
45.772,0.56
45.787,0.47
45.792,0.52
45.804,0.58
45.812,0.56
45.823,0.56
45.837,0.63
45.843,0.52
45.854,0.53
45.863,0.55
45.873,0.58
45.887,0.59
45.893,0.56
45.903,0.56
45.913,0.59
45.923,0.60
45.937,0.57
45.943,0.61
45.953,0.60
45.963,0.53
45.973,0.51
45.987,0.58
45.993,0.54
46.003,0.55
46.014,0.56
46.024,0.60
46.037,0.63
46.044,0.60
46.054,0.56
46.064,0.56
46.074,0.55
46.087,0.54
46.094,0.55
46.104,0.54
46.114,0.62
46.124,0.58
46.137,0.58
46.144,0.53
46.154,0.54
46.164,0.51
46.174,0.60
46.187,0.57
46.195,0.58
46.205,0.55
46.215,0.59
46.225,0.55
46.237,0.56
46.245,0.55
46.255,0.57
46.265,0.54
46.275,0.59
46.288,0.50
46.295,0.53
46.305,0.60
46.315,0.59
46.325,0.57
46.337,0.50
46.345,0.55
46.356,0.59
46.366,0.62
46.376,0.61
46.387,0.64
46.396,0.55
46.406,0.53
46.421,0.52
46.426,0.54
46.437,0.56
46.446,0.57
46.456,0.62
46.470,0.56
46.476,0.54
46.487,0.55
46.496,0.59
46.506,0.62
46.520,0.57
46.526,0.56
46.537,0.58
46.546,0.51
46.556,0.62
46.570,0.55
46.577,0.57
46.587,0.63
46.597,0.53
46.607,0.55
46.618,0.60
46.627,0.53
46.637,0.60
46.647,0.59
46.657,0.51
46.672,0.55
46.677,0.56
46.688,0.60
46.697,0.62
46.707,0.57
46.719,0.56
46.727,0.57
46.738,0.59
46.748,0.60
46.758,0.59
46.771,0.58
46.778,0.53
46.788,0.57
46.798,0.52
46.808,0.55
46.821,0.52
46.828,0.58
46.838,0.56
46.848,0.54
46.858,0.56
46.871,0.53
46.878,0.55
46.888,0.63
46.898,0.63
46.908,0.60
46.921,0.51
46.929,0.56
46.939,0.54
46.949,0.54
46.959,0.55
46.971,0.54
46.979,0.60
46.989,0.61
46.999,0.57
47.009,0.57
47.021,0.56
47.029,0.55
47.039,0.58
47.049,0.57
47.059,0.48
47.071,0.60
47.079,0.61
47.090,0.60
47.099,0.56
47.110,0.56
47.121,0.58
47.130,0.52
47.140,0.58
47.155,0.54
47.160,0.54
47.172,0.54
47.180,0.54
47.190,0.57
47.205,0.60
47.210,0.52
47.220,0.57
47.230,0.61
47.240,0.56
47.255,0.58
47.260,0.54
47.272,0.64
47.281,0.58
47.291,0.60
47.305,0.55
47.311,0.60
47.321,0.60
47.331,0.55
47.341,0.56
47.355,0.53
47.361,0.57
47.372,0.52
47.381,0.59
47.391,0.60
47.405,0.63
47.411,0.59
47.421,0.53
47.431,0.55
47.441,0.65
47.455,0.57
47.462,0.52
47.472,0.53
47.482,0.56
47.492,0.49
47.505,0.54
47.512,0.58
47.522,0.53
47.532,0.60
47.542,0.58
47.554,0.55
47.562,0.56
47.572,0.59
47.582,0.54
47.592,0.55
47.605,0.57
47.613,0.60
47.622,0.60
47.632,0.56
47.642,0.53
47.652,0.50
47.663,0.55
47.673,0.57
47.683,0.69
47.693,0.61
47.706,0.58
47.713,0.56
47.723,0.55
47.733,0.55
47.743,0.55
47.755,0.55
47.763,0.58
47.773,0.53
47.783,0.58
47.793,0.55
47.805,0.59
47.813,0.64
47.824,0.54
47.834,0.57
47.844,0.58
47.855,0.61
47.864,0.60
47.874,0.58
47.889,0.54
47.894,0.56
47.906,0.56
47.914,0.60
47.924,0.57
47.939,0.53
47.944,0.61
47.956,0.55
47.964,0.59
47.974,0.59
47.989,0.60
47.994,0.60
48.005,0.54
48.015,0.61
48.025,0.55
48.040,0.55
48.045,0.58
48.056,0.61
48.065,0.55
48.075,0.59
48.089,0.57
48.095,0.58
48.106,0.57
48.115,0.55
48.125,0.62
48.139,0.58
48.145,0.51
48.156,0.60
48.165,0.57
48.176,0.58
48.189,0.63
48.196,0.60
48.206,0.51
48.216,0.53
48.226,0.53
48.239,0.53
48.246,0.59
48.256,0.57
48.266,0.55
48.276,0.58
48.290,0.63
48.296,0.53
48.306,0.57
48.316,0.57
48.326,0.51
48.340,0.59
48.346,0.63
48.357,0.56
48.367,0.52
48.377,0.61
48.390,0.58
48.397,0.51
48.407,0.64
48.417,0.55
48.427,0.54
48.440,0.52
48.447,0.49
48.457,0.57
48.467,0.55
48.477,0.53
48.490,0.55
48.497,0.51
48.507,0.56
48.517,0.61
48.527,0.54
48.540,0.50
48.548,0.58
48.557,0.59
48.568,0.57
48.578,0.54
48.589,0.50
48.598,0.56
48.608,0.57
48.623,0.63
48.628,0.56
48.639,0.55
48.648,0.59
48.658,0.57
48.668,0.59
48.678,0.58
48.690,0.54
48.698,0.59
48.708,0.58
48.723,0.63
48.728,0.60
48.739,0.57
48.748,0.55
48.759,0.56
48.773,0.58
48.779,0.52
48.790,0.58
48.799,0.53
48.809,0.59
48.823,0.57
48.829,0.56
48.840,0.59
48.849,0.56
48.859,0.52
48.874,0.57
48.879,0.58
48.890,0.55
48.899,0.50
48.910,0.57
48.924,0.57
48.930,0.55
48.940,0.53
48.950,0.54
48.960,0.51
48.973,0.55
48.980,0.67
48.990,0.59
49.000,0.52
49.010,0.51
49.023,0.54
49.030,0.56
49.041,0.55
49.050,0.58
49.060,0.64
49.073,0.57
49.080,0.60
49.091,0.56
49.100,0.61
49.111,0.60
49.123,0.61
49.131,0.57
49.141,0.54
49.151,0.59
49.161,0.56
49.173,0.55
49.181,0.55
49.191,0.55
49.201,0.55
49.211,0.55
49.223,0.57
49.231,0.65
49.241,0.53
49.251,0.57
49.262,0.56
49.273,0.51
49.282,0.56
49.292,0.53
49.302,0.61
49.312,0.54
49.324,0.49
49.332,0.62
49.342,0.59
49.352,0.57
49.362,0.57
49.374,0.60
49.382,0.52
49.392,0.57
49.407,0.57
49.412,0.62
49.424,0.61
49.432,0.57
49.443,0.57
49.457,0.55
49.463,0.56
49.474,0.56
49.483,0.63
49.493,0.57
49.507,0.53
49.513,0.55
49.524,0.65
49.533,0.55
49.543,0.55
49.557,0.58
49.563,0.55
49.574,0.60
49.583,0.61
49.593,0.57
49.607,0.63
49.613,0.60
49.624,0.52
49.634,0.56
49.644,0.58
49.656,0.57
49.664,0.52
49.674,0.50
49.684,0.59
49.694,0.57
49.704,0.58
49.714,0.50
49.725,0.56
49.734,0.57
49.744,0.50
49.758,0.60
49.764,0.54
49.774,0.54
49.784,0.58
49.795,0.61
49.807,0.55
49.815,0.53
49.825,0.61
49.835,0.58
49.845,0.51
49.858,0.64
49.865,0.64
49.875,0.57
49.885,0.56
49.895,0.61
49.908,0.52
49.915,0.58
49.925,0.54
49.935,0.59
49.945,0.58
49.958,0.52
49.965,0.51
49.975,0.55
49.985,0.59
49.996,0.61
50.008,0.48
50.016,0.61
50.026,0.58
50.036,0.53
50.046,0.57
50.058,0.61
50.066,0.54
50.076,0.56
50.086,0.52
50.096,0.57
50.108,0.57
50.116,0.59
50.126,0.58
50.141,0.54
50.146,0.56
50.158,0.53
50.166,0.61
50.177,0.59
50.191,0.60
50.197,0.60
50.208,0.52
50.217,0.58
50.227,0.61
50.241,0.60
50.247,0.59
50.258,0.58
50.267,0.53
50.277,0.55
50.291,0.50
50.297,0.60
50.309,0.57
50.317,0.55
50.327,0.55
50.342,0.52
50.347,0.56
50.359,0.53
50.368,0.58
50.378,0.56
50.392,0.55
50.398,0.57
50.409,0.53
50.418,0.58
50.428,0.57
50.442,0.58
50.448,0.56
50.458,0.50
50.468,0.54
50.478,0.56
50.492,0.55
50.498,0.59
50.509,0.63
50.518,0.54
50.529,0.49
50.542,0.59
50.549,0.61
50.559,0.53
50.569,0.55
50.579,0.57
50.591,0.57
50.599,0.55
50.609,0.60
50.619,0.54
50.629,0.56
50.642,0.54
50.649,0.55
50.659,0.54
50.669,0.60
50.679,0.57
50.689,0.55
50.699,0.55
50.710,0.55
50.719,0.62
50.730,0.60
50.740,0.54
50.750,0.59
50.760,0.53
50.770,0.54
50.780,0.54
50.792,0.59
50.800,0.60
50.810,0.53
50.820,0.58
50.830,0.54
50.843,0.54
50.850,0.56
50.860,0.54
50.876,0.54
50.880,0.53
50.892,0.56
50.901,0.49
50.911,0.61
50.926,0.56
50.931,0.54
50.943,0.60
50.951,0.55
50.961,0.56
50.975,0.57
50.981,0.54
50.992,0.53
51.001,0.56
51.011,0.55
51.026,0.55
51.031,0.53
51.042,0.54
51.051,0.59
51.062,0.60
51.075,0.57
51.082,0.58
51.092,0.57
51.102,0.62
51.112,0.58
51.126,0.54
51.132,0.56
51.143,0.58
51.152,0.53
51.162,0.58
51.176,0.58
51.182,0.57
51.192,0.56
51.202,0.55
51.212,0.54
51.226,0.52
51.232,0.59
51.243,0.54
51.253,0.55
51.263,0.52
51.276,0.52
51.283,0.51
51.293,0.49
51.303,0.56
51.313,0.59
51.326,0.50
51.333,0.58
51.343,0.64
51.353,0.54
51.363,0.59
51.376,0.52
51.383,0.60
51.393,0.61
51.403,0.56
51.414,0.54
51.426,0.59
51.433,0.60
51.444,0.61
51.454,0.54
51.464,0.61
51.476,0.58
51.484,0.61
51.494,0.63
51.504,0.56
51.514,0.63
51.526,0.57
51.534,0.56
51.544,0.62
51.554,0.55
51.564,0.56
51.577,0.61
51.584,0.58
51.595,0.50
51.604,0.58
51.615,0.57
51.626,0.56
51.635,0.50
51.645,0.58
51.660,0.62
51.665,0.58
51.676,0.57
51.685,0.54
51.695,0.54
51.707,0.58
51.715,0.58
51.725,0.51
51.735,0.61
51.745,0.60
51.760,0.60
51.765,0.63
51.776,0.56
51.785,0.61
51.796,0.60
51.808,0.63
51.816,0.60
51.826,0.64
51.836,0.62
51.846,0.63
51.860,0.53
51.866,0.49
51.877,0.49
51.886,0.55
51.896,0.55
51.910,0.63
51.916,0.64
51.926,0.59
51.936,0.54
51.946,0.54
51.960,0.65
51.966,0.52
51.977,0.52
51.987,0.60
51.997,0.58
52.010,0.52
52.017,0.58
52.027,0.61
52.037,0.52
52.047,0.56
52.061,0.61
52.067,0.59
52.077,0.58
52.087,0.55
52.097,0.63
52.110,0.55
52.117,0.58
52.128,0.54
52.137,0.53
52.148,0.54
52.160,0.62
52.168,0.58
52.178,0.62
52.188,0.60
52.198,0.56
52.210,0.52
52.218,0.61
52.228,0.56
52.238,0.59
52.248,0.58
52.260,0.54
52.268,0.52
52.278,0.63
52.288,0.58
52.298,0.52
52.311,0.52
52.318,0.57
52.328,0.59
52.338,0.55
52.349,0.58
52.360,0.58
52.369,0.56
52.379,0.59
52.389,0.53
52.399,0.56
52.411,0.57
52.419,0.55
52.429,0.56
52.444,0.55
52.449,0.52
52.461,0.59
52.469,0.61
52.479,0.57
52.493,0.54
52.500,0.53
52.511,0.53
52.520,0.55
52.530,0.59
52.545,0.60
52.550,0.60
52.560,0.61
52.570,0.54
52.580,0.54
52.594,0.58
52.600,0.58
52.611,0.54
52.620,0.60
52.630,0.58
52.644,0.55
52.650,0.55
52.661,0.54
52.670,0.56
52.681,0.56
52.694,0.53
52.701,0.60
52.710,0.60
52.721,0.54
52.731,0.53
52.741,0.55
52.751,0.56
52.761,0.57
52.771,0.56
52.781,0.59
52.794,0.58
52.801,0.56
52.811,0.57
52.821,0.56
52.831,0.58
52.844,0.59
52.851,0.57
52.862,0.56
52.871,0.57
52.882,0.54
52.894,0.51
52.902,0.56
52.912,0.54
52.922,0.59
52.932,0.55
52.944,0.52
52.952,0.54
52.962,0.55
52.972,0.59
52.982,0.60
52.994,0.53
53.002,0.58
53.012,0.53
53.022,0.51
53.032,0.57
53.045,0.60
53.053,0.59
53.063,0.53
53.073,0.57
53.083,0.62
53.094,0.57
53.103,0.59
53.113,0.63
53.123,0.60
53.133,0.56
53.144,0.58
53.153,0.52
53.163,0.60
53.178,0.58
53.183,0.60
53.194,0.55
53.203,0.52
53.214,0.55
53.228,0.54
53.234,0.53
53.244,0.52
53.254,0.49
53.264,0.52
53.278,0.56
53.284,0.56
53.295,0.59
53.304,0.59
53.314,0.54
53.328,0.53
53.334,0.61
53.345,0.59
53.354,0.55
53.364,0.57
53.378,0.53
53.384,0.62
53.395,0.56
53.405,0.54
53.415,0.59
53.428,0.60
53.435,0.59
53.445,0.55
53.455,0.58
53.465,0.60
53.478,0.54
53.485,0.52
53.495,0.61
53.505,0.55
53.515,0.57
53.527,0.59
53.535,0.57
53.545,0.58
53.555,0.58
53.566,0.58
53.577,0.58
53.585,0.63
53.596,0.61
53.606,0.58
53.616,0.59
53.629,0.59
53.636,0.57
53.646,0.55
53.656,0.60
53.666,0.60
53.678,0.59
53.686,0.63
53.696,0.60
53.706,0.56
53.716,0.54
53.729,0.63
53.736,0.58
53.746,0.58
53.756,0.53
53.766,0.51
53.777,0.56
53.787,0.55
53.797,0.53
53.807,0.58
53.817,0.58
53.828,0.56
53.837,0.54
53.847,0.61
53.857,0.58
53.867,0.57
53.878,0.57
53.887,0.52
53.897,0.56
53.912,0.65
53.917,0.58
53.929,0.61
53.938,0.55
53.948,0.54
53.962,0.57
53.968,0.59
53.979,0.53
53.988,0.57
53.998,0.59
54.012,0.63
54.018,0.54
54.029,0.56
54.038,0.52
54.048,0.53
54.062,0.50
54.068,0.47
54.079,0.59
54.088,0.54
54.098,0.53
54.112,0.56
54.119,0.59
54.129,0.53
54.139,0.55
54.149,0.52
54.163,0.59
54.169,0.62
54.179,0.57
54.189,0.56
54.199,0.57
54.212,0.58
54.219,0.59
54.229,0.59
54.239,0.56
54.249,0.55
54.263,0.56
54.269,0.55
54.279,0.54
54.289,0.50
54.300,0.53
54.312,0.60
54.320,0.60
54.330,0.56
54.340,0.58
54.350,0.61
54.362,0.56
54.370,0.54
54.380,0.59
54.390,0.56
54.400,0.54
54.413,0.59
54.420,0.59
54.430,0.56
54.440,0.50
54.450,0.59
54.463,0.57
54.471,0.62
54.481,0.59
54.491,0.60
54.501,0.57
54.512,0.65
54.521,0.56
54.531,0.52
54.541,0.56
54.551,0.52
54.561,0.58
54.571,0.60
54.581,0.55
54.591,0.59
54.601,0.64
54.613,0.59
54.621,0.55
54.632,0.54
54.647,0.57
54.652,0.59
54.663,0.61
54.672,0.54
54.682,0.55
54.696,0.55
54.702,0.61
54.713,0.64
54.722,0.58
54.732,0.57
54.745,0.54
54.752,0.51
54.762,0.58
54.772,0.59
54.782,0.58
54.796,0.58
54.802,0.58
54.813,0.56
54.822,0.63
54.833,0.68
54.847,0.53
54.853,0.62
54.863,0.58
54.873,0.51
54.883,0.54
54.896,0.64
54.903,0.57
54.913,0.57
54.923,0.62
54.933,0.61
54.946,0.55
54.953,0.57
54.963,0.60
54.973,0.58
54.983,0.61
54.996,0.56
55.003,0.51
55.014,0.57
55.024,0.59
55.034,0.60
55.047,0.60
55.054,0.61
55.064,0.60
55.074,0.62
55.084,0.55
55.097,0.54
55.104,0.63
55.114,0.57
55.124,0.60
55.134,0.59
55.147,0.59
55.154,0.50
55.165,0.56
55.174,0.51
55.185,0.51
55.197,0.60
55.205,0.60
55.215,0.62
55.225,0.56
55.235,0.54
55.247,0.55
55.255,0.57
55.265,0.66
55.275,0.67
55.285,0.59
55.297,0.55
55.305,0.59
55.315,0.50
55.325,0.62
55.335,0.59
55.347,0.57
55.355,0.58
55.366,0.62
55.380,0.61
55.386,0.60
55.397,0.58
55.406,0.54
55.416,0.59
55.431,0.58
55.436,0.54
55.447,0.54
55.456,0.57
55.466,0.59
55.480,0.52
55.486,0.53
55.497,0.57
55.506,0.55
55.516,0.61
55.530,0.52
55.537,0.60
55.548,0.59
55.556,0.53
55.567,0.56
55.580,0.58
55.587,0.55
55.597,0.51
55.607,0.60
55.617,0.52
55.630,0.56
55.637,0.58
55.648,0.58
55.657,0.53
55.667,0.56
55.681,0.55
55.687,0.54
55.698,0.56
55.707,0.59
55.717,0.62
55.731,0.61
55.737,0.62
55.748,0.55
55.758,0.61
55.767,0.59
55.777,0.59
55.787,0.61
55.798,0.53
55.808,0.57
55.818,0.60
55.830,0.57
55.838,0.57
55.848,0.61
55.858,0.61
55.868,0.52
55.881,0.54
55.889,0.64
55.898,0.56
55.909,0.55
55.919,0.49
55.931,0.51
55.939,0.60
55.949,0.62
55.959,0.62
55.969,0.60
55.981,0.60
55.989,0.59
55.999,0.57
56.009,0.60
56.019,0.55
56.031,0.56
56.039,0.53
56.049,0.59
56.065,0.58
56.069,0.61
56.081,0.54
56.090,0.59
56.100,0.60
56.114,0.57
56.120,0.61
56.131,0.56
56.140,0.62
56.150,0.58
56.165,0.53
56.170,0.55
56.182,0.52
56.190,0.59
56.200,0.60
56.214,0.58
56.220,0.53
56.232,0.58
56.240,0.56
56.250,0.56
56.264,0.60
56.270,0.56
56.281,0.63
56.291,0.65
56.301,0.59
56.315,0.55
56.321,0.58
56.331,0.57
56.341,0.56
56.351,0.56
56.365,0.54
56.371,0.56
56.382,0.47
56.391,0.51
56.401,0.55
56.415,0.62
56.421,0.64
56.432,0.60
56.442,0.58
56.452,0.56
56.465,0.54
56.472,0.57
56.482,0.56
56.492,0.53
56.502,0.52
56.515,0.60
56.522,0.56
56.532,0.62
56.542,0.62
56.552,0.59
56.562,0.49
56.572,0.59
56.582,0.53
56.592,0.52
56.602,0.52
56.615,0.54
56.622,0.52
56.633,0.56
56.643,0.59
56.653,0.56
56.664,0.52
56.673,0.55
56.683,0.54
56.693,0.55
56.703,0.58
56.715,0.59
56.723,0.60
56.733,0.56
56.743,0.57
56.753,0.61
56.765,0.54
56.773,0.52
56.783,0.55
56.793,0.59
56.803,0.54
56.813,0.57
56.823,0.57
56.834,0.54
56.849,0.53
56.854,0.51
56.865,0.58
56.874,0.60
56.884,0.60
56.898,0.57
56.904,0.68
56.916,0.64
56.924,0.56
56.934,0.56
56.948,0.60
56.954,0.53
56.966,0.57
56.974,0.52
56.985,0.61
56.999,0.60
57.005,0.54
57.016,0.62
57.025,0.60
57.035,0.59
57.049,0.55
57.055,0.57
57.066,0.60
57.075,0.54
57.085,0.57
57.099,0.56
57.105,0.54
57.116,0.58
57.125,0.57
57.135,0.60
57.149,0.60
57.155,0.57
57.166,0.60
57.176,0.62
57.186,0.56
57.199,0.49
57.206,0.52
57.216,0.54
57.226,0.57
57.236,0.58
57.249,0.58
57.256,0.59
57.266,0.60
57.276,0.59
57.286,0.54
57.299,0.56
57.306,0.49
57.316,0.53
57.326,0.59
57.337,0.68
57.349,0.59
57.356,0.58
57.367,0.56
57.377,0.58
57.387,0.55
57.399,0.57
57.407,0.58
57.417,0.58
57.427,0.54
57.437,0.61
57.450,0.55
57.457,0.59
57.467,0.56
57.477,0.57
57.487,0.58
57.499,0.53
57.507,0.54
57.518,0.59
57.527,0.56
57.538,0.56
57.550,0.58
57.557,0.58
57.568,0.57
57.578,0.58
57.588,0.59
57.599,0.57
57.608,0.62
57.618,0.51
57.633,0.57
57.638,0.59
57.650,0.56
57.658,0.57
57.668,0.58
57.683,0.55
57.688,0.52
57.699,0.56
57.708,0.55
57.718,0.51
57.733,0.55
57.739,0.61
57.750,0.55
57.759,0.62
57.769,0.57
57.783,0.59
57.789,0.56
57.799,0.62
57.809,0.60
57.819,0.59
57.830,0.56
57.839,0.53
57.849,0.55
57.859,0.56
57.869,0.60
57.882,0.62
57.889,0.61
57.900,0.61
57.909,0.56
57.920,0.59
57.933,0.50
57.940,0.56
57.950,0.55
57.960,0.52
57.970,0.58
57.983,0.62
57.990,0.60
58.000,0.57
58.010,0.57
58.020,0.59
58.033,0.60
58.040,0.60
58.050,0.48
58.060,0.54
58.071,0.62
58.083,0.56
58.091,0.57
58.101,0.56
58.111,0.55
58.121,0.57
58.133,0.59
58.141,0.54
58.151,0.58
58.161,0.57
58.171,0.55
58.184,0.60
58.191,0.65
58.201,0.59
58.211,0.53
58.222,0.57
58.234,0.52
58.241,0.57
58.251,0.61
58.262,0.55
58.272,0.58
58.284,0.60
58.292,0.60
58.302,0.58
58.312,0.53
58.322,0.50
58.332,0.57
58.342,0.54
58.352,0.55
58.367,0.56
58.372,0.53
58.384,0.57
58.392,0.56
58.403,0.51
58.417,0.56
58.423,0.62
58.434,0.56
58.443,0.61
58.453,0.55
58.467,0.61
58.473,0.64
58.484,0.60
58.493,0.58
58.503,0.53
58.518,0.58
58.523,0.58
58.534,0.52
58.543,0.60
58.553,0.58
58.565,0.53
58.573,0.53
58.584,0.55
58.593,0.58
58.604,0.52
58.618,0.52
58.624,0.50
58.634,0.57
58.644,0.58
58.654,0.58
58.667,0.58
58.674,0.53
58.684,0.61
58.694,0.56
58.704,0.54
58.718,0.54
58.724,0.57
58.734,0.60
58.744,0.58
58.755,0.53
58.767,0.55
58.774,0.53
58.785,0.54
58.795,0.60
58.805,0.53
58.817,0.54
58.824,0.64
58.835,0.60
58.845,0.57
58.855,0.60
58.866,0.63
58.875,0.57
58.885,0.63
58.895,0.60
58.905,0.51
58.916,0.53
58.925,0.58
58.935,0.61
58.945,0.60
58.955,0.57
58.968,0.61
58.976,0.55
58.986,0.56
58.996,0.64
59.006,0.54
59.018,0.60
59.026,0.60
59.036,0.52
59.046,0.65
59.056,0.58
59.068,0.60
59.076,0.56
59.086,0.62
59.096,0.56
59.106,0.54
59.118,0.49
59.126,0.55
59.137,0.54
59.151,0.56
59.157,0.56
59.168,0.62
59.177,0.64
59.187,0.59
59.201,0.52
59.207,0.59
59.219,0.50
59.227,0.49
59.237,0.55
59.251,0.50
59.257,0.53
59.268,0.64
59.277,0.56
59.287,0.63
59.302,0.61
59.307,0.60
59.318,0.56
59.328,0.53
59.338,0.61
59.352,0.53
59.358,0.54
59.369,0.52
59.378,0.52
59.388,0.56
59.402,0.57
59.408,0.59
59.418,0.62
59.428,0.64
59.438,0.60
59.452,0.53
59.458,0.62
59.469,0.62
59.478,0.59
59.489,0.55
59.503,0.56
59.509,0.55
59.519,0.55
59.529,0.58
59.539,0.56
59.551,0.58
59.559,0.65
59.569,0.60
59.579,0.57
59.589,0.56
59.602,0.57
59.609,0.59
59.619,0.54
59.629,0.57
59.639,0.56
59.652,0.56
59.659,0.55
59.670,0.55
59.679,0.60
59.690,0.61
59.702,0.63
59.710,0.57
59.720,0.57
59.730,0.53
59.740,0.59
59.752,0.56
59.760,0.54
59.770,0.55
59.780,0.58
59.790,0.60
59.801,0.65
59.810,0.63
59.820,0.60
59.830,0.64
59.840,0.55
59.850,0.48
59.860,0.50
59.871,0.55
59.884,0.50
59.891,0.56
59.902,0.60
59.911,0.61
59.921,0.61
59.935,0.67
59.941,0.63
59.953,0.54
59.961,0.61
59.971,0.54
59.986,0.54
59.991,0.45
60.002,0.50
60.011,0.47
60.021,0.58
60.036,0.54
60.042,0.56
60.053,0.55
60.062,0.59
60.072,0.57
60.085,0.61
60.092,0.68
60.103,0.54
60.112,0.51
